Time,Thumb Near,Thumb Far,Thumb/Index,Index Near,Index Far,Index/Middle, Middle Near,Middle Far,Middle/Ring,Ring Near,Ring Far, Ring/Little,Little Near,Little Far
2018-04-12 21:21:26.491,3419,3109,3371,3440,3287,3907,3770,3527,3567,3296,3559,3899,3484,3543
2018-04-12 21:21:26.510,3419,3108,3371,3439,3286,3907,3770,3527,3567,3296,3559,3899,3484,3542
2018-04-12 21:21:26.529,3419,3108,3371,3440,3287,3907,3770,3527,3567,3296,3560,3899,3484,3542
2018-04-12 21:21:26.549,3419,3108,3371,3440,3287,3907,3770,3527,3567,3296,3559,3900,3484,3542
2018-04-12 21:21:26.569,3420,3108,3371,3440,3286,3908,3770,3527,3567,3296,3559,3899,3484,3542
2018-04-12 21:21:26.589,3419,3108,3371,3440,3287,3907,3770,3527,3567,3296,3559,3899,3485,3542
2018-04-12 21:21:26.609,3419,3108,3371,3439,3286,3908,3770,3527,3568,3296,3559,3899,3485,3542
2018-04-12 21:21:26.628,3419,3108,3371,3439,3287,3907,3770,3527,3568,3297,3559,3899,3484,3542
2018-04-12 21:21:26.647,3420,3108,3371,3440,3286,3907,3770,3527,3568,3296,3559,3899,3484,3542
2018-04-12 21:21:26.666,3419,3108,3371,3439,3287,3907,3769,3527,3568,3297,3559,3899,3484,3542
2018-04-12 21:21:26.684,3420,3108,3371,3439,3287,3907,3770,3528,3568,3296,3559,3899,3484,3542
2018-04-12 21:21:26.704,3419,3108,3371,3439,3287,3908,3770,3528,3568,3296,3559,3899,3484,3542
2018-04-12 21:21:26.723,3419,3108,3371,3439,3287,3907,3770,3527,3568,3297,3559,3899,3484,3542
2018-04-12 21:21:26.744,3420,3108,3371,3439,3287,3907,3770,3527,3569,3296,3559,3899,3484,3542
2018-04-12 21:21:26.762,3419,3108,3371,3440,3287,3907,3770,3528,3569,3296,3559,3899,3484,3542
2018-04-12 21:21:26.782,3419,3108,3371,3440,3287,3907,3770,3528,3568,3297,3559,3899,3484,3542
2018-04-12 21:21:26.802,3420,3108,3371,3439,3287,3908,3770,3527,3569,3296,3559,3900,3484,3542
2018-04-12 21:21:26.822,3419,3108,3371,3439,3287,3908,3770,3528,3568,3296,3559,3899,3484,3542
2018-04-12 21:21:26.842,3420,3108,3371,3439,3287,3908,3770,3528,3568,3296,3560,3900,3484,3542
2018-04-12 21:21:26.862,3420,3108,3371,3439,3288,3908,3770,3528,3568,3296,3559,3900,3484,3542
2018-04-12 21:21:26.882,3420,3108,3371,3439,3288,3908,3770,3528,3569,3296,3559,3899,3484,3541
2018-04-12 21:21:26.900,3419,3109,3371,3439,3289,3908,3770,3528,3569,3297,3559,3899,3485,3542
2018-04-12 21:21:26.920,3419,3108,3370,3439,3289,3908,3770,3528,3568,3297,3559,3899,3485,3542
2018-04-12 21:21:26.939,3420,3108,3370,3439,3289,3908,3770,3528,3569,3296,3559,3899,3484,3542
2018-04-12 21:21:26.958,3420,3108,3370,3439,3288,3908,3770,3528,3568,3296,3559,3899,3484,3542
2018-04-12 21:21:26.975,3419,3108,3370,3439,3289,3908,3770,3528,3568,3297,3559,3899,3484,3542
2018-04-12 21:21:26.993,3420,3108,3370,3440,3288,3909,3770,3528,3568,3296,3559,3899,3484,3541
2018-04-12 21:21:27.012,3420,3108,3370,3440,3288,3908,3770,3528,3568,3296,3559,3899,3484,3541
2018-04-12 21:21:27.030,3420,3108,3370,3440,3288,3909,3770,3528,3568,3296,3559,3899,3484,3542
2018-04-12 21:21:27.050,3420,3108,3370,3440,3288,3910,3770,3528,3568,3296,3559,3899,3484,3542
2018-04-12 21:21:27.068,3420,3108,3370,3441,3287,3911,3770,3528,3568,3296,3559,3898,3484,3541
2018-04-12 21:21:27.086,3419,3107,3368,3442,3287,3912,3771,3528,3568,3296,3559,3899,3484,3541
2018-04-12 21:21:27.105,3420,3108,3367,3445,3286,3912,3771,3530,3568,3297,3559,3899,3483,3541
2018-04-12 21:21:27.124,3420,3108,3365,3447,3284,3913,3772,3531,3569,3296,3560,3898,3484,3541
2018-04-12 21:21:27.143,3420,3108,3365,3448,3283,3913,3771,3531,3569,3296,3560,3898,3484,3540
2018-04-12 21:21:27.163,3419,3108,3365,3449,3283,3913,3771,3530,3568,3296,3560,3899,3484,3541
2018-04-12 21:21:27.180,3420,3108,3365,3448,3283,3914,3771,3530,3569,3296,3559,3899,3484,3541
2018-04-12 21:21:27.200,3419,3108,3365,3448,3282,3913,3771,3531,3569,3296,3559,3899,3484,3541
2018-04-12 21:21:27.219,3420,3108,3365,3447,3284,3913,3771,3531,3569,3296,3559,3899,3484,3541
2018-04-12 21:21:27.239,3420,3108,3365,3447,3284,3913,3771,3531,3569,3296,3559,3898,3484,3541
2018-04-12 21:21:27.258,3419,3108,3365,3445,3285,3912,3771,3531,3568,3296,3559,3899,3484,3541
2018-04-12 21:21:27.277,3419,3108,3365,3445,3286,3911,3772,3532,3569,3296,3559,3899,3484,3541
2018-04-12 21:21:27.296,3419,3109,3365,3443,3286,3910,3771,3531,3568,3296,3560,3899,3484,3541
2018-04-12 21:21:27.314,3420,3108,3366,3440,3288,3908,3771,3532,3566,3296,3559,3899,3483,3541
2018-04-12 21:21:27.333,3420,3108,3366,3440,3288,3908,3771,3532,3565,3296,3558,3899,3483,3541
2018-04-12 21:21:27.351,3420,3108,3366,3439,3289,3908,3771,3533,3564,3295,3558,3899,3483,3541
2018-04-12 21:21:27.371,3420,3108,3367,3438,3288,3907,3771,3533,3564,3296,3558,3899,3483,3541
2018-04-12 21:21:27.391,3420,3109,3366,3439,3287,3906,3771,3532,3563,3296,3559,3900,3483,3541
2018-04-12 21:21:27.410,3420,3108,3366,3438,3287,3907,3771,3531,3562,3297,3559,3900,3483,3541
2018-04-12 21:21:27.429,3420,3108,3366,3439,3288,3908,3770,3530,3560,3297,3559,3900,3482,3541
2018-04-12 21:21:27.449,3420,3108,3367,3438,3288,3908,3771,3530,3559,3296,3559,3900,3482,3542
2018-04-12 21:21:27.467,3420,3108,3368,3438,3289,3909,3771,3528,3557,3296,3558,3901,3481,3542
2018-04-12 21:21:27.485,3420,3108,3367,3438,3288,3909,3771,3528,3555,3296,3558,3901,3482,3542
2018-04-12 21:21:27.505,3420,3108,3368,3439,3288,3909,3771,3527,3555,3296,3558,3902,3482,3543
2018-04-12 21:21:27.523,3420,3108,3368,3439,3288,3909,3771,3527,3555,3296,3558,3901,3482,3542
2018-04-12 21:21:27.543,3420,3108,3367,3439,3288,3910,3771,3527,3555,3296,3558,3902,3482,3543
2018-04-12 21:21:27.562,3420,3108,3368,3438,3288,3912,3771,3526,3553,3296,3559,3901,3481,3542
2018-04-12 21:21:27.581,3421,3108,3368,3439,3287,3915,3771,3520,3555,3296,3559,3902,3481,3543
2018-04-12 21:21:27.601,3420,3108,3368,3439,3288,3916,3771,3522,3554,3296,3559,3902,3481,3543
2018-04-12 21:21:27.621,3421,3108,3368,3439,3287,3916,3771,3523,3553,3296,3559,3902,3481,3543
2018-04-12 21:21:27.641,3421,3108,3368,3439,3286,3916,3771,3524,3552,3296,3559,3902,3481,3543
2018-04-12 21:21:27.661,3421,3108,3368,3439,3286,3916,3771,3525,3552,3296,3559,3902,3481,3543
2018-04-12 21:21:27.679,3420,3108,3369,3439,3287,3916,3772,3526,3552,3296,3559,3902,3481,3543
,3421,3109,3369,3439,3288,3915,3772,3527,3552,3296,3559,3901,3481,3542
,3420,3108,3369,3439,3288,3915,3772,3528,3551,3296,3559,3901,3481,3542
,3421,3109,3369,3439,3288,3914,3772,3528,3551,3298,3559,3901,3481,3542
,3421,3108,3369,3439,3287,3913,3772,3528,3552,3297,3559,3901,3481,3543
,3421,3108,3369,3439,3288,3911,3772,3531,3552,3296,3558,3901,3482,3542
,3420,3108,3368,3439,3287,3908,3771,3535,3549,3296,3556,3901,3482,3542
,3421,3108,3369,3438,3288,3908,3771,3534,3548,3296,3557,3900,3481,3542
,3421,3108,3369,3438,3287,3907,3771,3534,3548,3295,3557,3900,3482,3542
,3421,3108,3369,3438,3287,3907,3771,3535,3547,3295,3557,3900,3482,3542
,3420,3109,3369,3438,3287,3906,3771,3535,3546,3295,3556,3900,3483,3542
,3420,3108,3369,3438,3287,3905,3771,3535,3545,3294,3556,3900,3481,3543
,3420,3109,3368,3437,3287,3905,3771,3535,3544,3294,3556,3900,3482,3543
,3420,3108,3369,3438,3287,3905,3770,3535,3544,3294,3555,3900,3481,3543
,3420,3108,3369,3439,3287,3905,3771,3534,3544,3294,3556,3900,3481,3543
,3420,3108,3369,3438,3288,3905,3770,3534,3543,3294,3555,3901,3481,3543
,3420,3109,3369,3438,3287,3904,3770,3534,3542,3295,3556,3900,3481,3543
,3420,3108,3369,3438,3288,3904,3770,3535,3541,3295,3555,3901,3481,3544
,3421,3108,3368,3438,3288,3904,3771,3535,3539,3295,3555,3901,3481,3544
,3420,3108,3369,3437,3288,3904,3771,3534,3538,3296,3555,3902,3480,3545
,3421,3108,3369,3438,3288,3905,3770,3534,3537,3297,3555,3903,3480,3545
,3421,3108,3369,3438,3289,3906,3770,3533,3537,3298,3559,3904,3479,3545
,3420,3109,3369,3438,3289,3906,3771,3533,3535,3300,3563,3905,3479,3545
,3420,3108,3368,3438,3289,3906,3770,3534,3534,3300,3563,3906,3478,3545
,3421,3108,3369,3438,3289,3906,3770,3534,3534,3300,3564,3906,3478,3545
,3421,3108,3369,3438,3289,3906,3770,3535,3533,3300,3563,3906,3479,3546
,3421,3109,3369,3438,3288,3906,3771,3536,3535,3300,3560,3906,3480,3546
,3421,3108,3369,3439,3288,3905,3771,3537,3537,3300,3558,3906,3479,3545
,3421,3108,3369,3439,3287,3905,3771,3537,3538,3299,3557,3905,3480,3546
,3420,3108,3370,3440,3286,3905,3771,3537,3540,3299,3556,3904,3480,3545
,3421,3108,3369,3440,3286,3905,3771,3536,3542,3298,3556,3903,3481,3544
,3420,3108,3369,3440,3286,3904,3771,3536,3549,3297,3556,3901,3482,3543
,3420,3108,3370,3440,3285,3904,3771,3536,3553,3296,3558,3899,3482,3542
,3420,3108,3372,3439,3285,3903,3771,3535,3559,3295,3556,3898,3484,3541
,3420,3109,3372,3440,3285,3903,3771,3535,3562,3295,3556,3897,3484,3540
,3420,3108,3372,3440,3285,3903,3771,3534,3562,3295,3556,3897,3484,3539
,3420,3108,3371,3440,3285,3903,3771,3534,3563,3296,3556,3897,3485,3538
,3420,3108,3371,3440,3285,3903,3771,3533,3565,3295,3555,3896,3484,3537
,3420,3108,3371,3440,3285,3903,3771,3533,3565,3295,3555,3896,3484,3537
,3420,3108,3371,3440,3285,3903,3771,3532,3565,3295,3554,3896,3484,3536
,3420,3108,3371,3439,3285,3904,3771,3532,3564,3295,3553,3896,3484,3536
,3420,3109,3371,3440,3285,3904,3771,3532,3564,3294,3553,3897,3484,3536
,3420,3109,3370,3439,3286,3903,3771,3533,3562,3295,3552,3896,3484,3535
,3420,3109,3370,3439,3286,3903,3771,3533,3561,3295,3550,3897,3483,3535
,3420,3109,3370,3439,3285,3903,3771,3533,3561,3295,3551,3897,3482,3535
,3421,3109,3370,3440,3285,3903,3771,3533,3560,3295,3551,3897,3481,3535
,3421,3109,3369,3440,3286,3903,3771,3533,3560,3296,3551,3897,3481,3534
,3421,3109,3368,3440,3286,3904,3772,3533,3560,3296,3549,3898,3481,3534
,3421,3109,3368,3440,3286,3904,3772,3532,3561,3296,3548,3898,3480,3534
,3421,3109,3367,3440,3286,3904,3771,3532,3561,3295,3548,3898,3481,3534
,3421,3109,3367,3440,3286,3904,3771,3531,3560,3295,3548,3898,3480,3534
,3421,3109,3367,3440,3286,3904,3771,3530,3561,3295,3547,3898,3481,3535
,3421,3109,3367,3440,3286,3905,3771,3530,3561,3296,3547,3898,3481,3535
,3421,3109,3367,3440,3286,3905,3771,3529,3563,3296,3547,3899,3481,3536
,3421,3109,3367,3440,3286,3905,3771,3529,3563,3295,3548,3899,3481,3536
,3421,3109,3368,3440,3286,3905,3771,3529,3563,3295,3548,3899,3482,3536
,3421,3109,3369,3440,3286,3905,3771,3528,3565,3295,3548,3899,3482,3537
,3420,3109,3369,3440,3286,3906,3771,3527,3565,3296,3548,3900,3483,3537
,3420,3109,3369,3440,3286,3906,3770,3527,3566,3296,3548,3900,3483,3537
,3420,3109,3369,3440,3286,3906,3771,3526,3567,3296,3548,3900,3484,3538
,3420,3109,3369,3440,3287,3906,3771,3527,3567,3296,3548,3900,3483,3537
,3420,3110,3369,3440,3287,3906,3770,3526,3567,3296,3547,3900,3483,3538
,3420,3109,3369,3441,3286,3908,3771,3525,3567,3296,3547,3900,3483,3538
,3420,3109,3368,3442,3285,3910,3771,3525,3567,3296,3547,3900,3483,3538
,420,3109,3367,3443,3285,3912,3771,3525,3567,3296,3547,3900,3483,3538
,420,3109,3367,3446,3284,3912,3772,3527,3571,3297,3547,3900,3483,3537
,420,3109,3367,3446,3284,3915,3772,3526,3572,3297,3547,3900,3483,3538
,421,3109,3366,3447,3284,3916,3772,3526,3573,3297,3548,3900,3482,3537
,421,3109,3366,3448,3283,3916,3772,3526,3574,3297,3548,3901,3482,3537
,421,3109,3366,3448,3282,3916,3772,3526,3573,3297,3548,3900,3482,3537
,421,3109,3367,3447,3283,3914,3772,3528,3572,3299,3548,3900,3482,3537
,421,3109,3367,3447,3282,3913,3772,3529,3572,3297,3549,3900,3482,3537
,420,3109,3367,3446,3283,3912,3772,3528,3571,3297,3549,3900,3482,3537
,420,3109,3367,3446,3283,3912,3772,3528,3570,3297,3549,3900,3482,3537
,420,3109,3368,3444,3283,3911,3772,3529,3570,3297,3548,3900,3482,3537
,421,3109,3368,3441,3283,3909,3772,3528,3568,3297,3548,3899,3482,3537
,421,3109,3368,3440,3287,3910,3772,3527,3567,3297,3548,3899,3483,3537
,421,3109,3368,3439,3286,3909,3771,3528,3566,3297,3548,3899,3483,3537
,421,3109,3368,3439,3287,3908,3771,3528,3565,3297,3548,3899,3482,3537
,421,3109,3368,3439,3287,3908,3771,3528,3564,3296,3548,3900,3482,3538
,421,3109,3368,3439,3287,3908,3771,3529,3563,3296,3548,3900,3481,3538
,421,3109,3369,3438,3288,3908,3771,3530,3559,3296,3547,3901,3480,3538
,421,3109,3369,3438,3288,3908,3771,3530,3556,3297,3547,3902,3480,3538
,421,3109,3368,3437,3290,3907,3771,3532,3550,3297,3546,3904,3480,3539
,421,3110,3367,3437,3290,3907,3771,3533,3550,3297,3545,3904,3479,3539
,421,3109,3367,3437,3291,3907,3771,3534,3549,3298,3546,3905,3479,3539
,421,3110,3367,3436,3290,3908,3771,3534,3550,3299,3546,3906,3479,3540
,421,3110,3367,3438,3290,3907,3771,3536,3549,3300,3545,3906,3479,3540
,421,3110,3367,3438,3289,3908,3770,3537,3547,3298,3545,3906,3478,3540
,421,3110,3366,3439,3287,3907,3770,3538,3543,3298,3545,3907,3478,3540
,421,3110,3366,3438,3287,3907,3770,3538,3541,3298,3544,3908,3478,3540
,421,3110,3367,3438,3287,3907,3770,3539,3540,3298,3544,3907,3478,3541
,421,3109,3367,3437,3286,3908,3771,3539,3539,3298,3544,3907,3477,3541
,421,3109,3366,3437,3286,3908,3770,3539,3538,3298,3544,3907,3478,3540
,421,3109,3367,3437,3286,3908,3770,3539,3537,3298,3544,3906,3477,3541
,420,3109,3366,3436,3286,3907,3770,3539,3535,3297,3543,3906,3477,3541
,421,3109,3367,3436,3286,3906,3770,3540,3533,3297,3543,3907,3477,3541
,421,3109,3366,3435,3286,3905,3769,3542,3529,3296,3542,3906,3477,3541
,421,3109,3366,3434,3286,3905,3769,3543,3524,3296,3541,3906,3477,3541
,421,3109,3366,3434,3285,3903,3769,3544,3520,3296,3541,3906,3476,3541
,421,3109,3365,3434,3285,3902,3768,3543,3515,3296,3541,3906,3476,3542
,421,3109,3366,3433,3286,3902,3768,3544,3511,3296,3541,3907,3476,3542
,421,3109,3366,3432,3285,3901,3768,3545,3507,3296,3542,3907,3475,3542
,421,3109,3366,3432,3286,3899,3768,3545,3502,3297,3543,3907,3475,3542
,420,3109,3366,3432,3286,3899,3767,3545,3501,3297,3543,3908,3474,3542
,421,3109,3365,3432,3286,3899,3768,3545,3499,3297,3545,3908,3475,3542
,421,3109,3365,3432,3286,3899,3767,3545,3498,3298,3547,3909,3475,3542
,421,3109,3365,3431,3287,3900,3767,3545,3494,3299,3549,3910,3474,3542
,421,3108,3365,3431,3287,3900,3767,3544,3494,3300,3553,3911,3474,3542
,421,3109,3365,3432,3288,3900,3767,3543,3494,3300,3556,3912,3474,3543
,421,3109,3365,3432,3287,3901,3768,3543,3494,3301,3556,3913,3474,3543
,421,3109,3365,3432,3287,3901,3767,3543,3494,3300,3555,3913,3474,3543
,421,3109,3365,3432,3287,3901,3767,3543,3495,3300,3554,3912,3473,3544
,421,3109,3365,3433,3287,3900,3768,3544,3496,3299,3554,3912,3474,3545
,421,3109,3365,3433,3286,3900,3768,3543,3497,3299,3552,3911,3475,3543
,421,3109,3366,3433,3286,3900,3768,3543,3500,3298,3551,3910,3476,3542
,421,3109,3366,3433,3286,3900,3768,3543,3503,3297,3550,3910,3476,3542
,3420,3109,3366,3433,3285,3899,3768,3541,3511,3295,3550,3906,3477,3541
,3421,3109,3367,3433,3284,3899,3768,3541,3516,3294,3549,3905,3478,3540
,3420,3109,3367,3433,3284,3899,3768,3540,3521,3294,3549,3904,3479,3540
,3420,3108,3368,3434,3284,3899,3768,3539,3526,3295,3549,3902,3480,3538
,3420,3108,3368,3434,3284,3899,3768,3538,3530,3295,3548,3900,3480,3537
,3420,3109,3368,3435,3283,3899,3768,3536,3537,3294,3547,3898,3481,3536
,3420,3108,3369,3436,3283,3899,3768,3536,3540,3294,3546,3897,3481,3535
,3420,3109,3368,3435,3283,3899,3768,3535,3541,3294,3546,3897,3481,3535
,3420,3109,3368,3435,3284,3899,3768,3535,3542,3294,3546,3897,3481,3535
,3420,3108,3368,3435,3284,3899,3768,3535,3544,3294,3547,3895,3482,3534
,3420,3108,3368,3435,3284,3900,3768,3535,3546,3294,3546,3896,3482,3534
,3421,3108,3367,3435,3284,3900,3768,3534,3545,3294,3545,3896,3480,3534
,3420,3108,3367,3435,3284,3900,3768,3534,3545,3295,3545,3897,3480,3534
,3420,3109,3366,3435,3284,3901,3769,3533,3546,3295,3543,3898,3480,3533
,3420,3109,3366,3436,3285,3901,3769,3532,3546,3295,3542,3898,3480,3533
,3420,3109,3366,3436,3285,3901,3769,3532,3547,3295,3541,3899,3480,3533
,3421,3108,3365,3436,3285,3901,3769,3532,3547,3295,3541,3899,3480,3533
,3421,3108,3365,3436,3284,3901,3768,3531,3549,3295,3540,3899,3480,3533
,3420,3109,3365,3436,3284,3901,3768,3530,3549,3295,3540,3898,3481,3533
,3421,3108,3365,3437,3285,3901,3768,3530,3550,3296,3540,3899,3480,3533
,3421,3109,3365,3437,3284,3902,3769,3529,3553,3297,3540,3899,3480,3534
,3420,3108,3367,3437,3284,3902,3769,3528,3555,3296,3541,3900,3481,3535
,3420,3108,3366,3438,3284,3902,3768,3528,3555,3296,3541,3900,3481,3534
,3420,3108,3366,3439,3283,3902,3768,3528,3556,3296,3540,3900,3481,3534
,3420,3109,3366,3439,3282,3902,3768,3528,3557,3296,3540,3901,3481,3535
,3420,3108,3366,3439,3283,3903,3768,3527,3557,3296,3540,3901,3481,3535
,3420,3108,3366,3439,3282,3904,3769,3526,3558,3297,3540,3902,3482,3534
,3420,3108,3366,3440,3282,3904,3769,3527,3558,3297,3540,3902,3481,3535
,3420,3108,3366,3441,3282,3907,3769,3527,3558,3297,3540,3902,3482,3535
,3420,3109,3365,3443,3280,3908,3769,3527,3558,3297,3539,3903,3482,3535
,3420,3108,3365,3445,3279,3909,3770,3529,3560,3297,3540,3902,3481,3534
,3420,3108,3364,3446,3281,3911,3770,3529,3562,3298,3540,3902,3482,3535
,3420,3108,3364,3446,3281,3911,3769,3530,3563,3298,3540,3902,3482,3535
,3420,3108,3363,3446,3280,3911,3770,3530,3563,3298,3540,3903,3481,3534
,3420,3108,3363,3447,3281,3911,3770,3531,3562,3298,3541,3903,3482,3534
,3420,3108,3364,3447,3281,3910,3770,3532,3560,3298,3541,3903,3481,3535
,3420,3108,3364,3446,3281,3910,3770,3533,3560,3299,3542,3903,3481,3534
,3420,3108,3364,3445,3281,3908,3770,3534,3559,3297,3542,3902,3481,3535
,3420,3108,3365,3442,3283,3906,3770,3535,3557,3297,3543,3903,3481,3535
,3420,3108,3365,3441,3283,3906,3770,3535,3556,3297,3542,3903,3481,3535
,3420,3108,3365,3437,3287,3907,3769,3534,3555,3297,3542,3903,3481,3535
,3420,3108,3365,3436,3288,3905,3769,3535,3554,3297,3543,3902,3481,3535
,3420,3109,3365,3435,3289,3905,3769,3534,3553,3297,3544,3902,3482,3535
,3420,3108,3366,3435,3290,3905,3769,3535,3552,3296,3543,3903,3480,3536
,3420,3109,3365,3435,3290,3905,3768,3535,3551,3297,3543,3903,3480,3537
,3420,3109,3365,3434,3291,3906,3768,3534,3550,3296,3543,3903,3481,3536
,3420,3108,3366,3434,3291,3908,3769,3533,3548,3297,3543,3903,3480,3536
,3420,3108,3366,3434,3291,3910,3769,3532,3547,3297,3544,3903,3480,3536
,3420,3108,3366,3435,3290,3912,3768,3533,3547,3297,3542,3904,3480,3537
,3420,3108,3366,3436,3290,3911,3769,3533,3546,3297,3543,3904,3480,3537
,3420,3108,3366,3436,3289,3911,3769,3534,3545,3297,3543,3904,3480,3537
,3420,3109,3366,3436,3289,3911,3769,3534,3542,3297,3543,3905,3480,3537
,3420,3108,3366,3436,3289,3911,3769,3534,3541,3298,3543,3905,3480,3538
,3420,3109,3366,3437,3289,3911,3769,3534,3540,3297,3543,3905,3480,3537
,3420,3108,3366,3436,3289,3911,3770,3535,3540,3297,3543,3905,3480,3538
,3420,3108,3366,3436,3290,3911,3769,3535,3540,3297,3543,3905,3480,3537
,3420,3108,3365,3435,3290,3910,3769,3536,3539,3296,3543,3905,3480,3537
,3421,3108,3365,3434,3290,3909,3769,3537,3537,3296,3542,3905,3480,3537
,3421,3108,3365,3433,3291,3907,3769,3540,3533,3295,3542,3904,3480,3538
,3421,3108,3365,3432,3291,3907,3769,3539,3533,3296,3543,3904,3480,3538
,3421,3109,3365,3432,3291,3905,3768,3539,3527,3295,3545,3904,3480,3538
,3421,3109,3364,3431,3291,3905,3769,3539,3524,3295,3547,3904,3480,3538
,3420,3108,3364,3431,3290,3905,3768,3539,3521,3294,3550,3904,3479,3538
,3420,3109,3365,3431,3290,3905,3768,3538,3520,3294,3552,3905,3480,3538
,3420,3109,3365,3431,3290,3905,3768,3538,3518,3294,3557,3905,3479,3538
,3421,3109,3365,3431,3291,3905,3768,3539,3515,3295,3559,3906,3479,3538
,3421,3109,3365,3431,3290,3906,3768,3538,3515,3295,3561,3907,3479,3539
,3421,3109,3365,3431,3290,3905,3768,3539,3515,3296,3562,3907,3478,3539
,3421,3109,3365,3431,3289,3905,3768,3539,3514,3296,3561,3908,3478,3538
,3421,3109,3365,3431,3289,3905,3768,3539,3516,3296,3560,3907,3479,3538
,3421,3108,3365,3432,3289,3904,3768,3538,3518,3296,3559,3907,3479,3538
,3421,3109,3365,3432,3288,3904,3768,3538,3520,3295,3557,3906,3479,3538
,3421,3109,3366,3433,3286,3903,3769,3536,3525,3295,3555,3906,3480,3537
,3421,3108,3367,3433,3285,3903,3769,3535,3528,3295,3554,3905,3481,3537
,3420,3109,3367,3434,3284,3902,3769,3534,3531,3295,3553,3904,3481,3536
,3421,3108,3367,3434,3284,3903,3769,3534,3534,3294,3552,3903,3482,3535
,3420,3109,3367,3434,3284,3903,3769,3533,3539,3295,3551,3902,3482,3535
,3421,3108,3367,3434,3283,3901,3769,3533,3548,3295,3549,3900,3484,3533
,3421,3109,3367,3434,3283,3901,3768,3532,3552,3295,3549,3900,3484,3532
,3421,3109,3367,3434,3283,3901,3768,3532,3552,3295,3548,3899,3483,3531
,3421,3109,3366,3434,3283,3901,3769,3533,3554,3295,3546,3899,3482,3531
,3421,3109,3366,3435,3283,3900,3769,3533,3553,3295,3545,3899,3481,3530
,3421,3109,3366,3434,3283,3900,3769,3533,3554,3295,3544,3899,3481,3530
,3421,3109,3365,3434,3283,3900,3769,3532,3555,3295,3543,3899,3480,3530
,3421,3109,3365,3435,3284,3900,3769,3532,3554,3295,3543,3899,3480,3530
,3422,3109,3365,3435,3283,3900,3769,3532,3555,3295,3542,3898,3480,3530
,3422,3109,3364,3435,3283,3900,3769,3532,3555,3294,3541,3898,3480,3530
,3422,3109,3364,3435,3283,3900,3769,3531,3556,3294,3542,3898,3480,3530
,3422,3109,3364,3436,3283,3900,3769,3531,3558,3295,3542,3898,3480,3529
,3421,3109,3364,3436,3282,3900,3768,3530,3559,3295,3542,3898,3481,3529
,3421,3109,3365,3436,3281,3900,3768,3529,3561,3295,3541,3900,3481,3530
,3421,3109,3365,3436,3281,3900,3768,3529,3562,3295,3540,3901,3482,3530
,3421,3109,3366,3437,3281,3900,3769,3529,3564,3296,3541,3902,3482,3530
,3420,3109,3366,3438,3280,3901,3768,3528,3566,3297,3541,3902,3482,3531
,3421,3109,3366,3439,3279,3903,3769,3529,3569,3297,3542,3904,3482,3531
,3420,3108,3366,3443,3276,3905,3769,3529,3572,3298,3542,3905,3483,3531
,3421,3108,3364,3444,3278,3907,3769,3531,3573,3298,3542,3905,3484,3531
,3421,3108,3364,3444,3278,3907,3769,3530,3572,3298,3542,3905,3484,3531
,3421,3108,3365,3444,3278,3907,3769,3531,3571,3298,3542,3905,3484,3532
,3420,3108,3365,3444,3278,3907,3769,3531,3571,3298,3543,3905,3484,3532
,3420,3108,3364,3444,3277,3905,3769,3532,3569,3298,3543,3905,3484,3532
,3421,3108,3365,3444,3277,3904,3769,3534,3567,3298,3544,3905,3483,3532
,3421,3108,3365,3443,3277,3902,3769,3535,3566,3298,3544,3905,3484,3531
,3420,3108,3366,3440,3278,3899,3769,3537,3563,3297,3546,3905,3484,3532
,3421,3108,3366,3438,3280,3899,3768,3538,3562,3297,3546,3905,3483,3532
,3420,3108,3367,3434,3282,3897,3768,3539,3560,3296,3547,3905,3483,3531
,3420,3109,3367,3433,3283,3896,3768,3540,3558,3296,3548,3905,3483,3531
,3421,3109,3366,3433,3284,3896,3768,3541,3557,3296,3548,3905,3483,3532
,3420,3109,3366,3433,3286,3897,3768,3543,3559,3296,3550,3907,3483,3532
,3421,3108,3366,3433,3286,3897,3768,3543,3562,3297,3550,3906,3483,3533
,3421,3108,3366,3433,3286,3898,3768,3543,3560,3297,3549,3907,3483,3533
,3420,3108,3366,3432,3286,3899,3768,3543,3559,3297,3550,3906,3483,3532
,3420,3108,3366,3432,3288,3903,3768,3542,3558,3297,3550,3907,3483,3533
,3420,3109,3366,3432,3287,3902,3768,3543,3558,3297,3550,3907,3483,3533
,3421,3109,3366,3432,3287,3903,3768,3544,3558,3297,3550,3907,3483,3533
,3421,3108,3366,3432,3287,3903,3768,3543,3557,3297,3550,3907,3483,3533
,3421,3108,3365,3432,3288,3904,3768,3543,3556,3297,3549,3907,3483,3533
,3421,3109,3365,3432,3288,3904,3768,3544,3556,3297,3549,3907,3483,3534
,3421,3109,3365,3431,3289,3905,3768,3544,3556,3296,3549,3906,3483,3533
,3421,3109,3365,3430,3289,3904,3768,3546,3553,3296,3549,3906,3483,3533
,3421,3109,3365,3429,3289,3902,3768,3547,3552,3295,3550,3906,3483,3533
,3421,3109,3365,3429,3290,3903,3768,3545,3550,3295,3549,3906,3484,3533
,3421,3109,3365,3429,3289,3903,3768,3544,3549,3295,3548,3907,3484,3533
,3421,3109,3365,3429,3289,3903,3768,3544,3547,3295,3548,3907,3484,3534
,3421,3108,3364,3428,3289,3902,3768,3544,3544,3295,3549,3907,3484,3534
,3421,3109,3363,3427,3289,3903,3767,3546,3536,3294,3558,3908,3483,3535
,3421,3109,3363,3427,3289,3904,3767,3546,3532,3294,3562,3908,3483,3535
,3421,3109,3363,3427,3289,3903,3768,3547,3529,3294,3566,3908,3483,3534
,3422,3109,3363,3426,3289,3903,3767,3549,3524,3293,3569,3909,3483,3534
,3422,3109,3363,3426,3288,3903,3767,3550,3514,3292,3569,3910,3482,3534
,3422,3110,3363,3425,3288,3903,3767,3550,3510,3293,3569,3911,3482,3535
,3421,3109,3363,3425,3287,3904,3767,3548,3508,3293,3571,3911,3481,3535
,3421,3109,3364,3425,3286,3904,3767,3547,3508,3293,3573,3912,3481,3535
,3422,3108,3364,3424,3286,3903,3766,3547,3502,3294,3574,3913,3480,3535
,3421,3109,3363,3424,3285,3903,3766,3547,3500,3295,3574,3913,3480,3536
,3422,3108,3363,3424,3285,3903,3765,3546,3499,3295,3575,3914,3481,3536
,3422,3109,3364,3424,3284,3902,3766,3547,3499,3294,3572,3913,3481,3536
,3422,3108,3364,3424,3284,3903,3766,3547,3502,3294,3568,3913,3481,3536
,3421,3108,3365,3425,3284,3903,3766,3546,3506,3294,3566,3912,3482,3535
,3421,3108,3366,3426,3284,3903,3766,3544,3514,3294,3565,3910,3483,3535
,3421,3108,3366,3426,3284,3903,3767,3543,3516,3294,3564,3909,3483,3535
,3421,3108,3366,3426,3284,3903,3766,3543,3517,3293,3562,3909,3483,3535
,3421,3108,3366,3426,3283,3902,3766,3542,3517,3293,3561,3908,3483,3535
,3421,3109,3366,3426,3283,3901,3766,3542,3516,3293,3559,3907,3484,3534
,3421,3108,3366,3426,3282,3899,3766,3541,3516,3292,3556,3907,3483,3533
,3421,3108,3365,3426,3282,3898,3766,3539,3514,3292,3548,3906,3483,3531
,3421,3108,3365,3426,3282,3898,3766,3538,3515,3291,3544,3905,3482,3531
,3421,3108,3365,3428,3282,3898,3766,3536,3518,3291,3536,3902,3481,3530
,3421,3108,3365,3428,3282,3898,3767,3535,3522,3292,3533,3901,3481,3530
,3421,3107,3365,3429,3281,3899,3767,3533,3524,3293,3531,3901,3481,3529
,3421,3108,3365,3429,3282,3898,3767,3533,3525,3293,3530,3900,3481,3529
,3421,3108,3365,3429,3282,3898,3767,3533,3527,3293,3529,3901,3481,3529
,3422,3108,3364,3430,3281,3898,3767,3531,3529,3293,3526,3901,3480,3529
,3421,3108,3363,3431,3281,3898,3767,3531,3530,3293,3524,3901,3480,3528
,3421,3108,3363,3431,3281,3898,3767,3530,3531,3293,3523,3902,3480,3529
,3421,3108,3363,3431,3281,3898,3767,3530,3532,3293,3521,3902,3479,3528
,3422,3109,3362,3433,3280,3899,3767,3528,3536,3294,3518,3901,3480,3529
,3422,3108,3362,3434,3280,3899,3767,3528,3539,3294,3517,3903,3479,3529
,3422,3108,3362,3434,3279,3899,3767,3527,3542,3295,3517,3903,3479,3529
,3422,3109,3362,3435,3279,3899,3767,3527,3543,3295,3517,3902,3479,3529
,3421,3108,3362,3435,3278,3899,3767,3526,3545,3295,3517,3902,3479,3529
,3422,3108,3362,3436,3277,3899,3768,3527,3547,3295,3517,3903,3480,3528
,3422,3108,3363,3437,3274,3900,3767,3526,3552,3296,3518,3903,3481,3529
,3421,3108,3363,3438,3272,3902,3767,3526,3555,3297,3519,3904,3482,3530
,3420,3108,3363,3439,3271,3904,3768,3524,3555,3297,3519,3905,3483,3531
,3421,3108,3363,3439,3271,3906,3768,3523,3555,3297,3519,3906,3483,3531
,3420,3107,3363,3440,3272,3907,3768,3523,3555,3298,3519,3905,3483,3531
,3420,3108,3363,3441,3270,3907,3768,3524,3556,3298,3520,3906,3483,3531
,3420,3108,3364,3442,3270,3908,3768,3522,3557,3297,3520,3907,3484,3531
,3420,3107,3363,3443,3271,3909,3768,3523,3558,3297,3521,3907,3484,3531
,3420,3108,3363,3445,3271,3908,3768,3524,3558,3297,3521,3907,3484,3531
,3420,3107,3363,3444,3271,3908,3768,3525,3557,3297,3521,3907,3484,3531
,3420,3107,3363,3444,3271,3907,3768,3526,3556,3297,3521,3907,3484,3531
,3420,3107,3364,3443,3271,3906,3769,3527,3555,3297,3522,3906,3484,3531
,3420,3107,3365,3442,3272,3904,3769,3529,3553,3297,3522,3907,3484,3531
,3420,3107,3365,3440,3273,3901,3769,3530,3552,3297,3522,3906,3484,3531
,3420,3108,3364,3435,3278,3901,3768,3531,3549,3296,3524,3906,3483,3531
,3420,3108,3366,3434,3277,3898,3768,3533,3547,3296,3525,3906,3483,3530
,3420,3107,3365,3433,3278,3898,3767,3537,3546,3295,3528,3906,3483,3530
,3420,3108,3365,3432,3278,3898,3767,3539,3546,3295,3529,3906,3483,3530
,3420,3108,3365,3432,3277,3897,3767,3540,3547,3296,3531,3906,3483,3531
,3420,3108,3365,3431,3279,3898,3767,3541,3548,3296,3533,3906,3483,3531
,3419,3109,3365,3431,3280,3899,3767,3541,3551,3296,3534,3907,3483,3531
,3419,3107,3364,3431,3281,3899,3767,3541,3551,3297,3535,3907,3483,3531
,3420,3107,3364,3431,3281,3901,3767,3541,3552,3297,3535,3907,3483,3531
,3420,3107,3364,3431,3281,3900,3767,3543,3551,3297,3536,3907,3483,3531
,3420,3107,3364,3431,3281,3901,3767,3544,3550,3297,3535,3908,3483,3531
,3419,3108,3364,3431,3281,3901,3767,3544,3549,3297,3536,3908,3483,3531
,3420,3108,3364,3431,3281,3901,3767,3544,3548,3297,3537,3907,3483,3531
,3420,3108,3364,3431,3282,3902,3767,3545,3548,3296,3537,3907,3484,3531
,3420,3108,3364,3429,3283,3902,3767,3545,3547,3297,3536,3907,3483,3531
,3420,3108,3364,3429,3284,3903,3767,3545,3545,3296,3537,3907,3483,3531
,3420,3108,3364,3428,3284,3903,3767,3547,3543,3296,3537,3907,3483,3531
,3420,3108,3364,3428,3283,3900,3767,3549,3538,3295,3537,3907,3483,3530
,3421,3108,3364,3426,3284,3900,3766,3552,3526,3294,3539,3907,3482,3531
,3421,3108,3364,3426,3284,3900,3766,3553,3521,3293,3541,3907,3482,3531
,3421,3108,3363,3426,3284,3900,3766,3553,3517,3293,3544,3908,3482,3531
,3421,3109,3364,3426,3284,3900,3766,3550,3513,3293,3549,3908,3482,3531
,3421,3108,3363,3425,3283,3900,3766,3550,3510,3293,3550,3909,3482,3531
,3421,3108,3363,3425,3283,3900,3766,3550,3507,3294,3553,3909,3481,3531
,3421,3108,3363,3425,3283,3900,3766,3550,3504,3295,3555,3910,3481,3531
,3421,3108,3363,3425,3284,3900,3765,3550,3503,3294,3559,3910,3481,3532
,3421,3108,3363,3425,3283,3900,3766,3551,3500,3295,3561,3910,3480,3532
,3421,3108,3364,3425,3283,3899,3766,3551,3499,3295,3561,3911,3480,3532
,3421,3108,3364,3426,3283,3900,3766,3550,3499,3295,3559,3911,3480,3532
,3421,3109,3365,3426,3281,3900,3766,3549,3502,3295,3557,3910,3481,3532
,3421,3108,3366,3427,3279,3900,3767,3545,3507,3294,3553,3910,3483,3531
,3421,3108,3365,3427,3278,3899,3767,3543,3509,3294,3551,3908,3482,3532
,3421,3108,3366,3427,3278,3898,3767,3542,3510,3294,3549,3908,3482,3532
,3421,3108,3365,3428,3278,3897,3767,3541,3511,3293,3547,3907,3483,3531
,3421,3108,3366,3427,3278,3897,3767,3539,3510,3293,3545,3906,3482,3530
,3421,3108,3366,3428,3277,3897,3766,3536,3510,3292,3540,3904,3483,3529
,3421,3108,3366,3428,3277,3897,3766,3534,3512,3291,3536,3903,3483,3528
,3421,3108,3366,3428,3277,3896,3767,3533,3513,3291,3533,3902,3483,3529
,3420,3108,3365,3429,3278,3896,3767,3531,3519,3292,3529,3901,3482,3528
,3421,3108,3365,3429,3278,3897,3767,3530,3519,3292,3529,3901,3481,3528
,3421,3108,3365,3428,3278,3897,3767,3531,3520,3294,3527,3901,3481,3528
,3421,3108,3365,3428,3279,3897,3767,3530,3520,3293,3527,3901,3481,3528
,3421,3108,3365,3429,3278,3897,3767,3530,3520,3293,3527,3900,3480,3528
,3421,3108,3364,3429,3279,3897,3767,3530,3520,3293,3526,3901,3480,3527
,3421,3108,3364,3429,3279,3897,3767,3529,3520,3293,3525,3900,3479,3527
,3421,3108,3363,3429,3279,3897,3767,3529,3520,3293,3524,3900,3479,3527
,3421,3108,3364,3429,3279,3897,3767,3529,3520,3292,3523,3900,3479,3527
,3421,3109,3363,3429,3280,3897,3767,3528,3521,3292,3523,3900,3481,3527
,3421,3108,3364,3429,3280,3897,3767,3527,3524,3292,3523,3901,3479,3529
,3421,3108,3364,3430,3280,3897,3767,3527,3524,3292,3523,3902,3480,3529
,3420,3108,3364,3430,3280,3898,3767,3527,3525,3292,3523,3902,3480,3529
,3420,3108,3364,3430,3279,3898,3766,3526,3527,3292,3524,3902,3481,3529
,3420,3108,3364,3431,3278,3897,3767,3526,3533,3293,3525,3903,3482,3529
,3420,3108,3365,3432,3276,3898,3767,3528,3537,3294,3526,3903,3482,3530
,3420,3108,3366,3435,3272,3896,3767,3528,3541,3294,3527,3904,3482,3530
,3420,3108,3366,3436,3271,3898,3767,3528,3545,3295,3528,3904,3483,3530
,3419,3107,3366,3438,3270,3900,3767,3528,3547,3295,3529,3904,3484,3531
,3420,3108,3366,3439,3268,3899,3767,3529,3548,3296,3529,3904,3484,3531
,3420,3108,3366,3439,3269,3900,3767,3529,3548,3295,3529,3904,3484,3531
,3419,3107,3366,3439,3268,3899,3767,3529,3548,3295,3530,3904,3484,3531
,3419,3107,3366,3439,3268,3899,3767,3531,3547,3295,3531,3904,3484,3531
,3419,3107,3366,3438,3268,3898,3767,3534,3546,3295,3532,3904,3484,3531
,3419,3108,3366,3437,3269,3896,3767,3536,3545,3294,3532,3904,3484,3531
,3419,3108,3367,3436,3270,3895,3767,3538,3544,3294,3533,3904,3485,3531
,3419,3107,3367,3434,3272,3894,3767,3540,3544,3294,3534,3904,3485,3531
,3419,3108,3366,3432,3275,3893,3767,3541,3542,3295,3534,3904,3484,3531
,3419,3108,3367,3431,3276,3892,3767,3544,3542,3295,3536,3904,3484,3531
,3419,3108,3367,3431,3278,3894,3766,3544,3544,3295,3537,3905,3484,3531
,3419,3108,3366,3431,3280,3896,3767,3542,3550,3296,3538,3905,3483,3531
,3419,3107,3366,3431,3280,3896,3766,3543,3549,3296,3538,3905,3483,3531
,3419,3107,3365,3430,3280,3896,3766,3541,3549,3295,3538,3906,3483,3532
,3419,3107,3365,3430,3282,3897,3766,3541,3549,3296,3538,3906,3484,3532
,3419,3107,3365,3430,3283,3900,3766,3540,3550,3296,3538,3906,3484,3532
,3419,3107,3365,3430,3283,3901,3766,3539,3549,3297,3539,3906,3484,3532
,3419,3107,3365,3429,3283,3901,3766,3539,3549,3296,3539,3906,3483,3531
,3419,3107,3365,3430,3283,3901,3766,3539,3548,3295,3539,3906,3484,3531
,3419,3108,3365,3430,3283,3901,3766,3539,3548,3296,3539,3906,3484,3531
,3419,3107,3364,3428,3283,3902,3767,3541,3545,3295,3540,3906,3484,3532
,3420,3108,3364,3426,3283,3902,3767,3544,3540,3294,3540,3905,3484,3532
,3419,3108,3364,3426,3283,3900,3767,3546,3536,3293,3542,3905,3484,3532
,3420,3107,3364,3426,3284,3901,3766,3546,3531,3293,3545,3905,3484,3532
,3420,3107,3364,3426,3283,3900,3766,3547,3527,3293,3547,3905,3484,3532
,3420,3108,3364,3426,3283,3900,3766,3547,3524,3292,3550,3905,3484,3532
,3420,3107,3364,3425,3283,3900,3766,3546,3517,3291,3556,3906,3483,3533
,3420,3108,3364,3424,3284,3900,3766,3547,3513,3292,3557,3906,3483,3533
,3420,3108,3364,3424,3285,3901,3765,3547,3508,3292,3560,3907,3483,3533
,3420,3108,3364,3425,3284,3901,3766,3546,3508,3292,3563,3908,3482,3533
,3420,3108,3364,3426,3283,3900,3766,3546,3507,3292,3564,3908,3482,3533
,3420,3108,3364,3426,3283,3900,3766,3547,3508,3293,3564,3908,3482,3533
,3420,3108,3363,3426,3283,3900,3766,3546,3508,3292,3564,3908,3482,3533
,3420,3108,3365,3426,3281,3900,3766,3545,3512,3293,3558,3907,3483,3533
,3420,3108,3365,3427,3280,3899,3767,3543,3514,3292,3556,3906,3483,3532
,3420,3108,3366,3428,3279,3898,3767,3542,3516,3292,3556,3906,3483,3531
,3420,3108,3366,3428,3278,3898,3767,3541,3516,3292,3553,3904,3484,3531
,3420,3108,3366,3428,3278,3897,3767,3540,3516,3291,3550,3904,3484,3530
,3420,3107,3365,3428,3278,3896,3767,3538,3516,3291,3547,3902,3484,3530
,3420,3108,3365,3428,3278,3895,3767,3535,3516,3291,3541,3902,3485,3528
,3420,3108,3365,3428,3278,3896,3767,3533,3517,3291,3538,3901,3484,3529
,3420,3108,3365,3428,3277,3896,3766,3532,3520,3291,3534,3901,3484,3529
,3420,3108,3365,3428,3277,3895,3767,3532,3520,3291,3532,3901,3483,3529
,3420,3108,3364,3428,3277,3896,3767,3531,3520,3291,3529,3901,3482,3529
,3420,3108,3364,3429,3278,3895,3767,3529,3523,3292,3526,3902,3482,3529
,3420,3108,3364,3429,3278,3895,3767,3528,3525,3292,3524,3902,3481,3529
,3420,3108,3364,3430,3278,3897,3767,3527,3529,3293,3522,3903,3482,3529
,3421,3108,3364,3430,3279,3897,3767,3527,3529,3293,3521,3903,3481,3529
,3420,3108,3363,3430,3279,3897,3767,3526,3528,3293,3521,3903,3481,3529
,3421,3108,3363,3429,3280,3898,3767,3526,3528,3293,3521,3902,3481,3529
,3421,3108,3364,3430,3280,3898,3767,3526,3531,3293,3523,3904,3481,3531
,3420,3108,3363,3430,3280,3898,3767,3526,3531,3293,3525,3904,3482,3532
,3420,3108,3364,3431,3279,3898,3767,3527,3532,3293,3527,3905,3482,3531
,3420,3107,3364,3432,3278,3898,3767,3528,3534,3293,3529,3905,3482,3530
,3420,3107,3364,3433,3277,3897,3767,3528,3536,3293,3531,3905,3483,3531
,3420,3107,3365,3435,3274,3896,3767,3530,3540,3294,3534,3904,3485,3531
,3420,3107,3365,3436,3273,3898,3767,3530,3542,3294,3535,3903,3485,3532
,3420,3107,3365,3438,3273,3898,3767,3531,3545,3294,3537,3903,3486,3531
,3419,3107,3365,3438,3274,3899,3767,3533,3547,3295,3538,3903,3485,3532
,3419,3107,3365,3438,3274,3899,3767,3532,3550,3295,3539,3903,3486,3532
,3419,3107,3365,3439,3273,3898,3767,3533,3551,3295,3541,3903,3486,3532
,3419,3107,3365,3439,3273,3898,3767,3535,3550,3295,3541,3903,3486,3532
,3419,3107,3365,3438,3273,3897,3767,3537,3549,3295,3541,3902,3486,3532
,3419,3107,3366,3438,3273,3895,3767,3540,3549,3295,3543,3902,3486,3531
,3420,3107,3366,3437,3274,3895,3767,3541,3548,3294,3545,3902,3485,3531
,3420,3107,3366,3437,3274,3894,3767,3542,3547,3295,3545,3902,3486,3531
,3419,3107,3366,3435,3275,3894,3767,3544,3546,3295,3546,3902,3485,3531
,3420,3107,3366,3434,3276,3894,3767,3544,3546,3294,3546,3902,3485,3531
,3419,3107,3365,3431,3280,3894,3767,3545,3546,3294,3549,3902,3485,3531
,3419,3107,3365,3431,3281,3897,3767,3544,3550,3295,3549,3903,3485,3531
,3419,3107,3364,3431,3282,3897,3766,3544,3549,3295,3550,3903,3485,3531
,3419,3107,3364,3431,3283,3898,3767,3544,3550,3295,3551,3903,3485,3531
,3419,3107,3364,3430,3283,3900,3767,3543,3551,3295,3551,3903,3486,3531
,3420,3108,3364,3429,3284,3901,3766,3543,3550,3295,3553,3903,3486,3531
,3419,3107,3364,3429,3284,3904,3767,3542,3548,3295,3553,3903,3485,3532
,3419,3107,3365,3429,3284,3904,3767,3542,3547,3295,3553,3903,3486,3532
,3419,3107,3364,3429,3284,3904,3766,3542,3547,3295,3553,3903,3485,3532
,3419,3107,3365,3429,3284,3905,3767,3541,3546,3294,3553,3903,3485,3531
,3420,3107,3364,3429,3284,3905,3767,3541,3546,3294,3553,3902,3486,3531
,3420,3107,3364,3429,3285,3906,3767,3539,3546,3294,3555,3903,3486,3532
,3419,3107,3363,3428,3286,3905,3767,3540,3540,3294,3560,3904,3486,3532
,3420,3107,3364,3427,3285,3905,3767,3542,3534,3293,3562,3904,3486,3532
,3420,3107,3363,3427,3284,3903,3767,3544,3529,3293,3564,3904,3485,3532
,3420,3107,3363,3426,3285,3904,3767,3544,3524,3293,3566,3905,3485,3532
,3421,3108,3362,3425,3285,3902,3766,3548,3509,3291,3570,3906,3485,3532
,3420,3108,3362,3424,3285,3901,3766,3549,3505,3292,3571,3907,3484,3532
,3420,3108,3362,3425,3285,3901,3766,3549,3502,3292,3572,3907,3484,3532
,3421,3108,3362,3425,3284,3900,3766,3549,3499,3292,3573,3908,3483,3532
,3421,3108,3362,3425,3284,3899,3766,3549,3497,3292,3573,3908,3483,3532
,3421,3108,3362,3425,3282,3899,3766,3550,3496,3292,3569,3907,3483,3531
,3421,3108,3363,3425,3282,3896,3766,3551,3496,3292,3565,3905,3484,3531
,3422,3107,3362,3426,3281,3895,3766,3550,3498,3292,3563,3904,3484,3530
,3421,3108,3362,3427,3279,3894,3766,3549,3501,3292,3562,3902,3484,3529
,3421,3108,3363,3427,3278,3894,3767,3548,3504,3291,3561,3902,3483,3528
,3421,3108,3362,3428,3278,3895,3767,3545,3508,3291,3559,3900,3483,3527
,3422,3108,3362,3428,3279,3895,3767,3544,3513,3291,3556,3901,3483,3528
,3421,3107,3362,3429,3279,3895,3766,3542,3517,3291,3554,3900,3483,3527
,3421,3108,3362,3428,3280,3895,3766,3542,3518,3292,3554,3900,3483,3527
,3422,3108,3362,3428,3280,3896,3767,3541,3519,3294,3554,3900,3483,3527
,3422,3108,3361,3427,3282,3897,3767,3541,3519,3293,3554,3901,3482,3526
,3422,3108,3361,3427,3282,3897,3767,3542,3519,3293,3554,3900,3482,3527
,3422,3108,3361,3428,3283,3898,3767,3541,3520,3292,3553,3901,3482,3527
,3422,3108,3360,3428,3283,3898,3767,3540,3522,3293,3552,3902,3481,3527
,3423,3108,3360,3428,3283,3899,3767,3538,3524,3293,3552,3902,3482,3527
,3423,3108,3360,3427,3283,3899,3767,3536,3524,3292,3550,3903,3482,3528
,3423,3109,3361,3427,3282,3900,3767,3532,3526,3292,3547,3905,3482,3528
,3422,3108,3361,3427,3282,3900,3767,3531,3527,3293,3546,3906,3482,3529
,3422,3109,3362,3427,3282,3900,3767,3531,3529,3292,3545,3907,3483,3529
,3422,3108,3362,3428,3281,3900,3767,3530,3531,3293,3544,3908,3483,3529
,3422,3108,3362,3429,3280,3899,3766,3530,3531,3293,3543,3908,3483,3529
,3421,3108,3362,3431,3279,3899,3767,3531,3532,3293,3541,3909,3483,3529
,3421,3108,3362,3432,3278,3897,3767,3533,3533,3294,3539,3909,3483,3529
,3421,3108,3362,3435,3276,3895,3767,3535,3534,3294,3539,3909,3482,3529
,3421,3107,3362,3435,3274,3895,3767,3537,3534,3294,3538,3910,3483,3529
,3421,3108,3362,3436,3274,3895,3767,3538,3534,3295,3538,3909,3482,3529
,3421,3108,3362,3435,3272,3894,3767,3539,3533,3294,3538,3909,3482,3529
,3421,3108,3362,3436,3272,3894,3767,3540,3533,3293,3538,3909,3482,3529
,3420,3108,3362,3437,3271,3892,3767,3541,3532,3294,3539,3909,3482,3529
,3421,3107,3362,3439,3269,3891,3767,3543,3534,3294,3537,3910,3482,3529
,3420,3107,3362,3440,3268,3891,3767,3544,3535,3294,3538,3909,3482,3530
,3421,3107,3362,3440,3267,3890,3767,3546,3535,3294,3538,3909,3482,3530
,3420,3108,3362,3440,3266,3889,3767,3547,3535,3294,3539,3909,3482,3530
,3420,3107,3362,3440,3265,3887,3768,3549,3536,3294,3540,3909,3482,3531
,3420,3108,3362,3441,3265,3886,3767,3550,3536,3294,3540,3909,3482,3530
,3419,3107,3362,3440,3266,3886,3767,3551,3537,3295,3541,3909,3482,3530
,3420,3107,3362,3440,3267,3887,3767,3550,3538,3294,3541,3909,3482,3530
,3419,3107,3362,3439,3269,3888,3768,3549,3542,3295,3542,3909,3482,3530
,3420,3107,3362,3439,3270,3888,3767,3550,3542,3295,3542,3909,3482,3530
,3420,3107,3361,3439,3273,3892,3768,3548,3544,3295,3541,3910,3482,3531
,3420,3107,3361,3438,3274,3892,3768,3549,3543,3296,3541,3910,3482,3530
,3420,3107,3362,3437,3275,3892,3768,3549,3543,3296,3541,3910,3482,3531
,3420,3107,3361,3437,3276,3893,3767,3549,3542,3296,3541,3910,3482,3531
,3420,3107,3361,3436,3277,3894,3768,3548,3542,3296,3542,3910,3482,3531
,3421,3107,3360,3434,3281,3897,3767,3547,3541,3296,3541,3910,3483,3531
,3421,3107,3359,3433,3282,3898,3767,3547,3540,3295,3542,3910,3482,3531
,3421,3107,3359,3433,3283,3899,3768,3547,3538,3296,3544,3910,3482,3531
,3421,3107,3359,3432,3283,3899,3768,3548,3535,3295,3547,3910,3483,3531
,3421,3107,3358,3431,3286,3900,3768,3547,3533,3295,3550,3909,3484,3531
,3421,3107,3358,3430,3286,3902,3768,3547,3528,3294,3555,3908,3483,3531
,3421,3107,3358,3429,3286,3904,3767,3548,3526,3294,3556,3909,3483,3532
,3422,3107,3358,3428,3287,3905,3768,3549,3523,3294,3558,3908,3483,3531
,3421,3107,3359,3428,3286,3905,3767,3549,3521,3294,3561,3908,3483,3531
,3422,3108,3359,3427,3285,3903,3767,3550,3517,3294,3563,3909,3483,3531
,3422,3108,3359,3427,3285,3904,3767,3550,3511,3294,3566,3910,3483,3531
,3422,3107,3359,3427,3284,3903,3767,3551,3511,3294,3567,3909,3483,3530
,3422,3108,3360,3428,3282,3902,3767,3550,3513,3294,3565,3907,3483,3530
,3422,3108,3359,3428,3282,3901,3767,3550,3515,3294,3563,3906,3484,3530
,3422,3108,3359,3429,3282,3901,3767,3550,3518,3295,3562,3905,3484,3529
,3422,3107,3360,3429,3281,3900,3767,3549,3520,3294,3560,3904,3485,3529
,3422,3108,3361,3430,3280,3899,3767,3548,3524,3294,3558,3902,3485,3528
,3421,3108,3361,3430,3279,3897,3768,3547,3528,3293,3559,3899,3486,3528
,3421,3108,3361,3430,3278,3896,3767,3543,3534,3292,3557,3898,3487,3527
,3421,3108,3362,3430,3277,3896,3767,3540,3536,3292,3556,3897,3488,3527
,3421,3107,3361,3430,3278,3896,3767,3538,3537,3292,3554,3897,3488,3527
,3420,3107,3361,3431,3278,3896,3767,3536,3538,3292,3552,3897,3488,3527
,3421,3107,3362,3431,3278,3897,3767,3534,3540,3292,3548,3897,3488,3528
,3420,3107,3362,3431,3278,3897,3767,3532,3541,3292,3546,3897,3488,3528
,3420,3107,3362,3431,3279,3897,3767,3532,3541,3291,3544,3897,3488,3528
,3420,3107,3362,3431,3279,3896,3767,3531,3541,3292,3543,3897,3488,3528
,3420,3107,3362,3431,3279,3897,3767,3530,3541,3291,3540,3897,3488,3528
,3420,3108,3362,3431,3279,3896,3767,3530,3540,3291,3539,3897,3488,3528
,3420,3107,3362,3431,3279,3896,3766,3529,3540,3291,3539,3896,3488,3528
,3420,3107,3362,3431,3280,3897,3767,3528,3538,3291,3538,3897,3487,3528
,3420,3107,3363,3430,3280,3896,3767,3528,3538,3292,3538,3896,3488,3529
,3420,3106,3362,3430,3280,3897,3766,3528,3537,3292,3538,3896,3488,3529
,3419,3107,3363,3430,3280,3896,3766,3528,3536,3291,3538,3895,3488,3529
,3420,3107,3362,3431,3281,3896,3766,3528,3536,3290,3538,3895,3487,3529
,3420,3108,3362,3430,3280,3897,3767,3527,3534,3290,3537,3895,3487,3529
,3420,3107,3363,3430,3281,3896,3766,3527,3535,3290,3536,3895,3487,3529
,3419,3107,3362,3430,3281,3897,3766,3527,3535,3290,3537,3895,3487,3530
,3420,3107,3362,3430,3281,3897,3766,3527,3535,3290,3537,3895,3487,3529
,3420,3107,3362,3431,3281,3897,3766,3526,3536,3291,3537,3895,3487,3530
,3420,3107,3363,3431,3281,3897,3766,3526,3535,3290,3536,3895,3486,3530
,3420,3106,3362,3431,3281,3897,3766,3525,3535,3291,3536,3895,3486,3530
,3420,3107,3362,3431,3281,3897,3766,3525,3535,3291,3536,3896,3486,3530
,3420,3107,3362,3431,3282,3898,3766,3525,3534,3290,3535,3896,3486,3530
,3420,3107,3362,3431,3281,3897,3766,3525,3534,3290,3536,3895,3486,3530
,3420,3107,3362,3431,3281,3897,3766,3525,3534,3291,3536,3895,3486,3530
,3420,3107,3362,3431,3281,3897,3766,3525,3535,3291,3536,3895,3486,3530
,3420,3106,3362,3430,3282,3898,3766,3525,3534,3291,3536,3895,3486,3530
,3419,3106,3362,3431,3282,3898,3766,3525,3534,3292,3536,3895,3486,3530
,3420,3107,3362,3431,3282,3898,3766,3524,3534,3291,3535,3895,3486,3530
,3420,3107,3362,3431,3282,3898,3766,3524,3534,3291,3536,3895,3485,3529
,3420,3107,3362,3431,3282,3899,3766,3524,3535,3292,3535,3896,3486,3529
,3419,3107,3362,3431,3283,3899,3766,3523,3535,3291,3536,3896,3485,3530
,3420,3107,3362,3431,3283,3899,3767,3523,3535,3291,3535,3896,3485,3529
,3420,3107,3362,3431,3283,3900,3766,3522,3536,3292,3535,3896,3486,3529
,3420,3107,3362,3432,3284,3900,3767,3522,3536,3292,3535,3896,3485,3530
,3419,3107,3362,3432,3283,3900,3767,3522,3536,3291,3535,3896,3485,3531
,3420,3108,3362,3431,3284,3900,3766,3521,3536,3291,3535,3896,3485,3530
,3420,3107,3362,3432,3284,3901,3766,3521,3537,3291,3535,3896,3484,3530
,3420,3107,3362,3431,3283,3901,3766,3521,3537,3292,3535,3896,3484,3530
,3420,3107,3362,3432,3284,3901,3766,3522,3537,3291,3535,3896,3484,3530
,3420,3107,3362,3432,3284,3901,3766,3521,3537,3292,3535,3896,3485,3529
,3420,3106,3362,3432,3284,3901,3766,3521,3538,3292,3535,3896,3484,3529
,3420,3106,3362,3431,3284,3901,3766,3521,3537,3292,3535,3896,3485,3529
,3420,3107,3362,3431,3284,3900,3767,3521,3537,3292,3535,3896,3484,3530
,3420,3106,3362,3432,3284,3901,3766,3521,3537,3292,3535,3896,3484,3529
,3419,3107,3362,3432,3284,3901,3767,3521,3537,3292,3536,3896,3484,3529
,3420,3107,3361,3432,3284,3901,3766,3520,3537,3291,3535,3896,3484,3530
,3420,3107,3362,3432,3284,3901,3766,3521,3537,3292,3535,3896,3484,3530
,3420,3107,3361,3432,3284,3901,3766,3521,3537,3292,3535,3895,3484,3529
,3420,3107,3361,3432,3284,3901,3767,3521,3537,3291,3536,3895,3484,3529
,3420,3106,3361,3432,3283,3901,3766,3521,3537,3291,3535,3895,3485,3529
,3420,3107,3362,3432,3284,3901,3767,3520,3537,3292,3535,3895,3484,3530
,3420,3107,3362,3432,3285,3901,3766,3520,3537,3292,3535,3895,3484,3530
,3420,3107,3361,3432,3284,3901,3766,3520,3537,3292,3535,3895,3484,3529
,3420,3107,3361,3432,3285,3901,3767,3520,3537,3292,3535,3895,3484,3529
,3420,3107,3361,3432,3284,3902,3766,3521,3537,3292,3534,3896,3484,3529
,3420,3107,3361,3432,3284,3902,3766,3520,3537,3292,3535,3896,3483,3529
,3420,3107,3361,3432,3285,3902,3766,3520,3537,3292,3535,3896,3483,3529
,3420,3106,3361,3432,3285,3901,3766,3520,3536,3292,3535,3896,3483,3529
,3420,3106,3362,3432,3284,3902,3766,3521,3537,3293,3535,3896,3483,3529
,3420,3106,3362,3431,3285,3902,3766,3520,3537,3292,3535,3896,3483,3529
,3420,3107,3361,3432,3285,3902,3766,3521,3537,3292,3536,3896,3483,3529
,3420,3107,3362,3432,3285,3902,3766,3521,3537,3292,3536,3896,3483,3529
,3421,3107,3361,3432,3285,3902,3766,3521,3537,3292,3535,3896,3483,3529
,3420,3107,3361,3432,3284,3902,3766,3521,3537,3292,3535,3896,3483,3529
,3420,3107,3361,3432,3285,3902,3766,3521,3536,3292,3535,3896,3483,3529
,3420,3107,3361,3432,3284,3902,3766,3521,3536,3292,3535,3896,3484,3529
,3420,3107,3361,3432,3284,3902,3767,3521,3536,3292,3535,3896,3483,3530
,3420,3107,3361,3433,3284,3901,3766,3521,3536,3292,3534,3896,3483,3530
,3420,3107,3362,3432,3284,3901,3767,3521,3536,3292,3535,3896,3483,3529
,3420,3107,3361,3432,3284,3901,3767,3521,3536,3292,3535,3896,3483,3530
,3420,3106,3361,3433,3284,3902,3767,3522,3536,3292,3535,3897,3483,3529
,3420,3107,3361,3433,3284,3901,3766,3521,3536,3292,3535,3897,3483,3529
,3420,3107,3361,3433,3284,3901,3766,3521,3537,3292,3535,3897,3483,3530
,3420,3107,3361,3433,3284,3901,3767,3521,3537,3292,3535,3897,3483,3530
,3420,3106,3361,3433,3284,3901,3767,3521,3536,3292,3535,3897,3482,3530
,3420,3107,3361,3434,3284,3901,3767,3521,3536,3293,3535,3897,3483,3530
,3420,3106,3361,3434,3284,3901,3766,3521,3536,3292,3535,3897,3483,3530
,3420,3107,3361,3434,3283,3901,3767,3521,3537,3292,3535,3897,3482,3529
,3421,3107,3360,3434,3283,3901,3767,3521,3537,3293,3535,3897,3483,3530
,3421,3106,3360,3435,3283,3901,3767,3521,3537,3292,3535,3898,3482,3530
,3420,3107,3361,3435,3283,3901,3766,3521,3538,3293,3535,3898,3483,3529
,3421,3106,3360,3435,3282,3901,3767,3522,3539,3293,3535,3897,3483,3530
,3421,3106,3360,3436,3282,3901,3767,3522,3539,3293,3535,3897,3484,3530
,3421,3106,3360,3437,3281,3900,3767,3522,3540,3294,3535,3897,3483,3530
,3420,3106,3360,3437,3281,3900,3768,3522,3542,3294,3536,3897,3483,3530
,3421,3106,3360,3438,3280,3900,3768,3522,3543,3294,3535,3897,3483,3529
,3420,3107,3360,3437,3279,3900,3768,3522,3544,3294,3536,3897,3483,3530
,3420,3107,3359,3438,3278,3900,3768,3523,3544,3294,3536,3897,3483,3530
,3421,3106,3360,3438,3277,3900,3767,3524,3544,3294,3536,3897,3483,3529
,3421,3107,3359,3439,3276,3899,3768,3524,3544,3294,3536,3897,3483,3530
,3421,3106,3359,3440,3274,3900,3768,3525,3546,3294,3537,3897,3483,3530
,3421,3106,3359,3441,3273,3900,3768,3526,3546,3294,3537,3897,3483,3530
,3421,3107,3359,3444,3268,3899,3768,3528,3546,3295,3537,3897,3482,3530
,3420,3106,3358,3444,3269,3899,3768,3529,3545,3295,3537,3898,3482,3530
,3420,3106,3359,3444,3269,3899,3769,3530,3545,3294,3537,3898,3482,3530
,3420,3106,3358,3444,3267,3898,3769,3531,3545,3294,3538,3899,3482,3530
,3420,3106,3358,3445,3267,3898,3769,3532,3544,3295,3537,3898,3482,3530
,3420,3106,3358,3445,3267,3897,3769,3533,3544,3294,3537,3899,3482,3530
,3420,3107,3359,3443,3268,3896,3769,3534,3543,3294,3538,3899,3482,3531
,3421,3107,3359,3442,3270,3896,3769,3535,3543,3294,3538,3899,3482,3530
,3420,3107,3358,3441,3272,3896,3769,3536,3543,3294,3538,3899,3482,3530
,3421,3106,3358,3438,3276,3897,3769,3535,3542,3294,3538,3899,3482,3530
,3421,3106,3358,3438,3276,3897,3768,3536,3542,3295,3538,3899,3482,3531
,3421,3107,3358,3437,3277,3898,3769,3536,3541,3294,3539,3899,3482,3531
,3421,3106,3358,3437,3277,3898,3768,3536,3540,3294,3538,3899,3482,3531
,3421,3106,3359,3437,3278,3899,3768,3535,3540,3295,3539,3899,3482,3531
,3421,3106,3359,3437,3278,3899,3768,3535,3540,3295,3538,3899,3482,3530
,3421,3106,3358,3436,3279,3900,3768,3535,3541,3295,3538,3899,3481,3531
,3421,3106,3359,3436,3279,3900,3768,3535,3540,3295,3538,3899,3482,3531
,3421,3107,3358,3437,3279,3900,3768,3535,3539,3295,3538,3899,3482,3531
,3421,3107,3359,3437,3279,3900,3768,3535,3540,3296,3538,3899,3481,3531
,3421,3106,3359,3437,3280,3900,3768,3535,3540,3295,3538,3899,3482,3531
,3421,3107,3359,3437,3279,3901,3768,3534,3540,3295,3539,3899,3481,3531
,3421,3107,3359,3438,3279,3901,3768,3534,3540,3295,3538,3899,3481,3531
,3421,3106,3359,3437,3280,3901,3768,3534,3540,3295,3538,3900,3481,3531
,3421,3107,3359,3437,3280,3901,3768,3534,3540,3295,3538,3899,3481,3531
,3421,3106,3359,3437,3280,3901,3768,3535,3540,3295,3538,3899,3482,3531
,3421,3106,3359,3437,3280,3901,3768,3534,3540,3295,3538,3899,3482,3531
,3421,3107,3359,3437,3281,3901,3768,3533,3540,3295,3538,3898,3481,3532
,3421,3106,3359,3437,3280,3901,3768,3534,3541,3295,3538,3898,3481,3531
,3421,3106,3359,3437,3280,3901,3768,3534,3540,3295,3538,3898,3481,3531
,3421,3106,3359,3438,3280,3901,3768,3533,3540,3295,3538,3898,3481,3531
,3421,3106,3359,3438,3281,3901,3768,3534,3540,3295,3538,3898,3481,3531
,3421,3106,3359,3438,3280,3901,3768,3533,3540,3295,3538,3898,3482,3530
,3421,3106,3359,3438,3280,3901,3768,3533,3541,3295,3538,3898,3481,3531
,3421,3107,3359,3438,3281,3901,3768,3533,3541,3295,3538,3898,3481,3531
,3421,3106,3359,3438,3280,3901,3768,3533,3540,3295,3538,3897,3482,3531
,3421,3106,3359,3438,3280,3901,3768,3533,3540,3295,3537,3897,3481,3531
,3420,3106,3359,3438,3281,3901,3768,3533,3539,3295,3538,3898,3481,3531
,3420,3106,3359,3438,3280,3901,3768,3533,3540,3295,3538,3897,3481,3531
,3421,3106,3359,3438,3281,3901,3768,3533,3540,3295,3537,3898,3481,3531
,3421,3106,3359,3438,3280,3901,3768,3533,3540,3295,3538,3898,3482,3531
,3421,3107,3359,3438,3281,3901,3768,3533,3540,3295,3538,3897,3481,3531
,3420,3106,3359,3438,3281,3902,3768,3533,3539,3295,3537,3897,3482,3531
,3421,3106,3359,3438,3281,3902,3768,3533,3540,3295,3537,3897,3481,3532
,3421,3106,3359,3438,3281,3901,3768,3533,3540,3295,3538,3897,3482,3532
,3421,3106,3359,3438,3281,3902,3768,3533,3540,3295,3537,3897,3481,3532
,3421,3106,3359,3438,3281,3901,3768,3532,3540,3295,3537,3897,3481,3531
,3421,3106,3359,3438,3281,3902,3768,3532,3540,3295,3538,3897,3481,3531
,3421,3106,3359,3439,3281,3902,3768,3533,3540,3295,3538,3897,3481,3531
,3421,3106,3359,3438,3281,3902,3768,3532,3541,3295,3538,3897,3481,3532
,3421,3106,3359,3438,3281,3902,3769,3532,3541,3295,3538,3896,3481,3532
,3422,3106,3359,3438,3281,3902,3769,3532,3540,3295,3538,3897,3481,3532
,3421,3107,3359,3438,3281,3902,3769,3533,3541,3296,3538,3896,3481,3531
,3421,3106,3359,3438,3281,3902,3768,3532,3541,3295,3538,3897,3481,3531
,3421,3106,3359,3438,3282,3902,3768,3532,3540,3295,3538,3896,3481,3531
,3421,3106,3359,3438,3281,3902,3768,3532,3541,3295,3537,3897,3481,3531
,3421,3106,3359,3438,3282,3902,3769,3532,3541,3295,3538,3896,3481,3531
,3421,3106,3358,3438,3282,3902,3768,3532,3540,3295,3538,3896,3481,3532
,3421,3107,3359,3438,3281,3902,3769,3533,3540,3295,3537,3896,3481,3532
,3421,3106,3359,3439,3281,3903,3769,3532,3541,3295,3538,3896,3481,3532
,3421,3106,3359,3439,3282,3902,3769,3532,3541,3295,3538,3896,3481,3532
,3421,3106,3358,3439,3282,3902,3769,3532,3540,3295,3537,3896,3481,3532
,3421,3106,3359,3438,3282,3902,3769,3533,3541,3295,3538,3896,3481,3532
,3421,3107,3358,3438,3282,3902,3769,3532,3540,3296,3538,3895,3480,3532
,3421,3107,3359,3438,3282,3902,3769,3533,3540,3295,3537,3896,3481,3531
,3421,3106,3359,3439,3282,3902,3769,3532,3540,3295,3538,3895,3480,3531
,3421,3106,3359,3439,3282,3903,3769,3532,3541,3295,3538,3896,3480,3531
,3421,3106,3359,3439,3282,3902,3768,3532,3540,3295,3538,3895,3481,3532
,3422,3106,3359,3438,3282,3902,3769,3532,3540,3296,3538,3895,3481,3531
,3421,3106,3359,3438,3282,3903,3769,3532,3540,3295,3538,3895,3481,3531
,3421,3106,3359,3439,3282,3902,3768,3533,3540,3295,3538,3895,3480,3532
,3421,3106,3359,3439,3282,3902,3769,3532,3540,3295,3538,3895,3480,3531
,3421,3106,3359,3439,3282,3902,3769,3532,3540,3295,3538,3895,3480,3532
,3421,3106,3359,3439,3282,3903,3769,3532,3540,3295,3538,3895,3480,3532
,3421,3106,3359,3439,3282,3903,3769,3532,3540,3295,3538,3895,3481,3532
,3421,3106,3359,3439,3282,3903,3768,3532,3540,3295,3538,3895,3481,3532
,3421,3106,3359,3439,3282,3904,3769,3532,3540,3295,3538,3895,3480,3532
,3421,3106,3359,3439,3282,3903,3769,3532,3539,3295,3538,3895,3480,3532
,3421,3106,3359,3438,3282,3903,3769,3532,3540,3295,3538,3895,3480,3531
,3421,3106,3359,3439,3283,3903,3769,3532,3539,3295,3538,3895,3480,3531
,3421,3106,3358,3438,3283,3904,3769,3532,3540,3295,3538,3895,3480,3531
,3421,3106,3359,3438,3282,3904,3769,3532,3539,3295,3538,3895,3480,3531
,3421,3106,3359,3438,3283,3903,3769,3532,3540,3295,3538,3895,3480,3531
,3421,3106,3359,3438,3282,3903,3769,3532,3540,3295,3538,3895,3480,3531
,3421,3105,3359,3438,3282,3903,3769,3532,3540,3296,3538,3895,3480,3531
,3421,3106,3359,3439,3282,3904,3769,3532,3540,3296,3538,3895,3480,3532
,3421,3106,3360,3438,3282,3903,3769,3532,3540,3295,3538,3895,3480,3531
,3421,3106,3359,3438,3283,3904,3769,3532,3540,3295,3539,3895,3480,3531
,3421,3106,3359,3438,3283,3903,3769,3532,3540,3295,3539,3895,3480,3531
,3421,3106,3358,3438,3283,3904,3769,3532,3540,3295,3538,3895,3480,3531
,3421,3106,3359,3438,3283,3903,3769,3532,3539,3295,3538,3894,3480,3531
,3421,3106,3359,3438,3284,3904,3769,3532,3540,3295,3538,3895,3480,3531
,3421,3106,3359,3438,3283,3904,3769,3532,3539,3295,3538,3895,3481,3531
,3421,3107,3359,3437,3283,3904,3769,3532,3540,3295,3538,3895,3480,3531
,3421,3106,3359,3438,3283,3904,3769,3532,3540,3295,3537,3895,3480,3532
,3420,3106,3359,3438,3283,3904,3769,3532,3540,3295,3538,3894,3480,3531
,3421,3106,3359,3438,3283,3904,3769,3532,3540,3295,3538,3895,3480,3531
,3420,3106,3359,3438,3283,3904,3769,3532,3540,3295,3537,3895,3480,3532
,3420,3106,3359,3438,3283,3904,3769,3532,3539,3295,3538,3894,3480,3531
,3421,3106,3359,3438,3283,3904,3769,3532,3540,3295,3538,3895,3480,3532
,3421,3106,3359,3438,3283,3904,3769,3532,3540,3295,3538,3894,3480,3531
,3421,3106,3358,3438,3283,3904,3769,3531,3539,3295,3538,3894,3480,3531
,3420,3106,3358,3438,3283,3904,3769,3531,3539,3296,3538,3894,3480,3532
,3420,3106,3358,3438,3283,3904,3769,3531,3539,3295,3538,3894,3480,3532
,3420,3106,3359,3438,3283,3904,3768,3532,3539,3295,3538,3894,3480,3532
,3420,3106,3358,3439,3283,3904,3768,3531,3539,3294,3538,3894,3480,3532
,3421,3106,3359,3438,3284,3904,3769,3531,3539,3295,3538,3894,3480,3532
,3420,3106,3358,3438,3284,3904,3769,3531,3540,3294,3538,3894,3480,3532
,3420,3106,3358,3438,3284,3904,3769,3531,3539,3295,3538,3894,3480,3532
,3420,3106,3359,3438,3284,3904,3769,3531,3539,3294,3538,3894,3480,3533
,3420,3106,3359,3438,3283,3905,3768,3531,3539,3295,3537,3894,3480,3533
,3420,3106,3358,3438,3284,3905,3769,3531,3539,3295,3538,3894,3480,3534
,3420,3106,3358,3438,3284,3905,3769,3531,3539,3295,3538,3894,3480,3533
,3420,3106,3358,3438,3283,3905,3769,3531,3539,3295,3538,3893,3480,3532
,3421,3106,3359,3438,3284,3905,3769,3531,3540,3295,3538,3893,3481,3533
,3420,3106,3358,3438,3284,3905,3769,3532,3539,3294,3538,3894,3480,3533
,3420,3106,3358,3438,3284,3905,3768,3531,3539,3295,3538,3893,3480,3533
,3420,3106,3359,3438,3283,3905,3768,3531,3539,3294,3538,3893,3480,3533
,3420,3106,3358,3438,3283,3905,3768,3531,3539,3295,3538,3893,3480,3533
,3420,3106,3358,3438,3283,3905,3768,3530,3539,3296,3538,3893,3480,3533
,3420,3106,3358,3437,3283,3905,3768,3531,3539,3295,3538,3894,3480,3533
,3420,3106,3358,3437,3284,3906,3768,3530,3539,3294,3538,3893,3480,3533
,3419,3106,3358,3438,3283,3905,3768,3530,3539,3295,3538,3893,3480,3533
,3419,3107,3359,3437,3284,3905,3768,3530,3539,3294,3538,3894,3480,3533
,3419,3106,3358,3437,3284,3905,3768,3530,3539,3295,3538,3893,3480,3533
,3419,3106,3358,3437,3285,3905,3768,3530,3539,3294,3538,3893,3480,3533
,3419,3106,3358,3437,3284,3905,3768,3530,3540,3294,3538,3893,3480,3533
,3419,3107,3359,3437,3284,3905,3768,3529,3539,3294,3538,3893,3480,3534
,3419,3106,3358,3437,3284,3905,3768,3529,3540,3294,3538,3893,3480,3534
,3419,3106,3359,3436,3284,3905,3768,3529,3539,3294,3538,3893,3480,3533
,3419,3106,3358,3436,3285,3905,3768,3529,3539,3295,3538,3893,3480,3534
,3419,3106,3359,3436,3285,3905,3768,3529,3540,3294,3538,3893,3480,3533
,3419,3106,3360,3436,3285,3906,3768,3530,3539,3294,3538,3894,3480,3533
,3419,3106,3359,3436,3285,3906,3768,3529,3540,3294,3538,3893,3480,3533
,3419,3106,3360,3436,3286,3906,3768,3529,3540,3294,3538,3893,3480,3534
,3419,3106,3359,3436,3286,3906,3768,3529,3540,3295,3538,3893,3480,3534
,3419,3106,3360,3436,3285,3906,3768,3529,3540,3295,3539,3893,3480,3534
,3419,3106,3360,3436,3286,3906,3768,3529,3541,3294,3538,3893,3480,3534
,3419,3106,3360,3436,3286,3906,3768,3529,3540,3294,3539,3893,3480,3534
,3418,3106,3360,3436,3286,3906,3768,3529,3540,3294,3538,3893,3480,3534
,3418,3106,3360,3435,3286,3906,3768,3529,3539,3294,3538,3894,3480,3534
,3418,3106,3360,3435,3286,3906,3768,3529,3539,3294,3538,3894,3480,3534
,3418,3106,3360,3436,3286,3906,3768,3528,3539,3294,3538,3893,3481,3534
,3418,3106,3360,3436,3286,3906,3768,3529,3539,3294,3539,3893,3481,3534
,3419,3106,3360,3436,3286,3906,3768,3529,3539,3294,3538,3893,3480,3534
,3419,3106,3361,3436,3286,3906,3768,3529,3539,3294,3538,3893,3480,3534
,3418,3106,3361,3436,3286,3906,3768,3529,3539,3294,3538,3893,3480,3534
,3419,3106,3362,3436,3286,3906,3768,3528,3539,3294,3538,3893,3480,3534
,3418,3106,3361,3436,3286,3906,3768,3529,3539,3294,3538,3893,3480,3534
,3418,3106,3361,3436,3286,3906,3768,3529,3539,3293,3538,3893,3480,3534
,3419,3106,3361,3436,3286,3906,3768,3529,3539,3294,3538,3893,3480,3534
,3418,3106,3361,3436,3286,3907,3768,3529,3540,3294,3538,3893,3480,3534
,3419,3106,3361,3436,3286,3906,3768,3529,3539,3294,3538,3893,3480,3534
,3418,3107,3361,3436,3286,3907,3768,3528,3539,3295,3538,3893,3480,3534
,3418,3107,3361,3435,3286,3906,3768,3529,3539,3294,3538,3893,3480,3534
,3418,3106,3362,3436,3286,3906,3768,3528,3539,3294,3538,3893,3480,3534
,3418,3106,3362,3436,3286,3906,3768,3529,3539,3294,3539,3893,3480,3534
,3418,3106,3362,3436,3286,3907,3768,3529,3539,3294,3538,3893,3481,3534
,3418,3106,3361,3436,3286,3906,3768,3528,3539,3294,3538,3893,3480,3534
,3418,3106,3362,3436,3286,3906,3768,3529,3539,3294,3538,3893,3481,3534
,3418,3106,3362,3436,3286,3906,3768,3529,3539,3294,3538,3893,3481,3534
,3418,3106,3362,3436,3286,3906,3768,3529,3539,3294,3538,3893,3480,3534
,3418,3106,3361,3436,3286,3906,3768,3529,3539,3294,3538,3893,3481,3535
,3418,3106,3362,3436,3286,3907,3768,3529,3539,3294,3538,3893,3480,3535
,3418,3106,3362,3436,3286,3906,3768,3529,3539,3294,3538,3893,3480,3534
,3418,3106,3362,3436,3286,3907,3768,3529,3539,3294,3538,3893,3480,3534
,3418,3106,3362,3436,3286,3907,3768,3529,3538,3294,3538,3893,3480,3534
,3418,3107,3362,3436,3286,3906,3768,3529,3539,3294,3538,3893,3480,3534
,3418,3106,3362,3436,3286,3907,3768,3529,3539,3294,3538,3893,3480,3534
,3418,3106,3363,3435,3286,3906,3768,3529,3538,3294,3538,3893,3480,3534
,3418,3107,3362,3436,3286,3906,3768,3529,3538,3295,3538,3893,3480,3534
,3418,3106,3362,3435,3286,3906,3768,3529,3538,3294,3538,3893,3480,3534
,3418,3106,3362,3435,3286,3907,3768,3529,3538,3294,3538,3893,3480,3534
,3418,3106,3363,3436,3286,3907,3768,3529,3538,3294,3539,3893,3480,3534
,3418,3106,3362,3436,3286,3906,3768,3528,3538,3294,3538,3893,3480,3534
,3418,3106,3363,3436,3286,3907,3768,3529,3538,3294,3538,3893,3480,3534
,3418,3106,3363,3435,3286,3906,3768,3528,3538,3294,3538,3893,3480,3534
,3418,3106,3363,3436,3286,3907,3768,3528,3538,3294,3538,3893,3481,3534
,3418,3106,3363,3436,3286,3907,3768,3529,3538,3294,3538,3893,3480,3534
,3418,3106,3363,3435,3286,3907,3768,3529,3538,3294,3538,3893,3480,3534
,3418,3106,3363,3436,3286,3906,3768,3529,3538,3293,3538,3893,3480,3535
,3418,3107,3363,3435,3287,3907,3768,3529,3538,3294,3538,3893,3480,3534
,3418,3106,3363,3436,3286,3907,3768,3529,3538,3294,3538,3893,3480,3534
,3418,3106,3363,3436,3286,3907,3768,3529,3538,3294,3538,3893,3480,3534
,3418,3106,3363,3435,3286,3907,3768,3528,3538,3294,3538,3893,3479,3534
,3418,3106,3364,3436,3286,3907,3768,3528,3539,3294,3538,3894,3480,3534
,3418,3106,3363,3436,3286,3907,3768,3528,3539,3294,3538,3893,3480,3534
,3418,3105,3363,3435,3286,3907,3768,3529,3539,3293,3538,3893,3480,3534
,3418,3106,3364,3435,3286,3906,3768,3528,3539,3295,3538,3893,3480,3534
,3418,3106,3364,3435,3286,3906,3768,3529,3539,3294,3538,3893,3480,3534
,3418,3106,3364,3435,3286,3907,3768,3529,3539,3293,3539,3893,3480,3534
,3418,3106,3364,3436,3286,3907,3768,3529,3539,3293,3539,3893,3480,3534
,3418,3106,3364,3436,3286,3907,3768,3529,3539,3294,3538,3894,3480,3534
,3418,3105,3364,3436,3286,3907,3768,3529,3539,3294,3538,3893,3480,3534
,3418,3106,3364,3436,3286,3907,3768,3529,3539,3294,3538,3893,3480,3534
,3418,3106,3364,3435,3286,3907,3768,3529,3539,3294,3538,3893,3480,3534
,3418,3106,3364,3436,3287,3907,3768,3529,3539,3294,3538,3893,3480,3534
,3418,3107,3364,3435,3287,3907,3768,3529,3539,3294,3538,3893,3480,3535
,3418,3106,3364,3436,3287,3907,3768,3529,3540,3294,3538,3893,3480,3534
,3418,3106,3365,3435,3286,3907,3768,3528,3539,3294,3538,3894,3480,3534
,3418,3107,3365,3435,3286,3907,3768,3529,3539,3294,3538,3893,3480,3534
,3418,3106,3364,3435,3287,3907,3768,3530,3540,3294,3538,3893,3480,3534
,3418,3106,3364,3435,3287,3907,3768,3529,3539,3294,3538,3893,3480,3534
,3418,3106,3365,3436,3286,3907,3768,3529,3540,3294,3538,3893,3480,3534
,3418,3107,3365,3436,3287,3907,3768,3529,3540,3294,3538,3893,3480,3534
,3418,3106,3365,3435,3287,3907,3768,3529,3540,3295,3538,3893,3480,3534
,3418,3106,3365,3435,3287,3907,3768,3529,3540,3294,3538,3893,3480,3534
,3418,3106,3365,3436,3287,3907,3768,3529,3540,3294,3538,3893,3480,3534
,3418,3106,3365,3436,3287,3907,3768,3529,3539,3294,3538,3893,3480,3534
,3418,3106,3365,3435,3287,3907,3768,3529,3539,3294,3538,3894,3480,3534
,3418,3106,3365,3435,3287,3907,3768,3528,3540,3294,3538,3894,3480,3534
,3417,3106,3365,3436,3287,3907,3768,3529,3540,3294,3538,3893,3480,3534
,3418,3106,3365,3435,3287,3907,3768,3529,3539,3294,3538,3894,3480,3534
,3418,3107,3365,3436,3287,3907,3769,3529,3540,3294,3538,3893,3480,3535
,3418,3106,3365,3436,3287,3907,3768,3528,3539,3294,3538,3894,3480,3535
,3418,3106,3365,3435,3287,3907,3768,3529,3539,3294,3538,3893,3480,3534
,3418,3107,3365,3435,3287,3907,3768,3529,3539,3294,3538,3893,3480,3534
,3418,3107,3365,3435,3287,3907,3768,3529,3539,3294,3538,3894,3480,3534
,3418,3106,3365,3436,3287,3907,3768,3529,3539,3293,3538,3893,3480,3534
,3418,3106,3365,3436,3286,3907,3768,3528,3540,3294,3537,3893,3480,3535
,3418,3106,3365,3436,3287,3907,3769,3528,3540,3294,3538,3893,3480,3534
,3418,3106,3365,3436,3287,3907,3768,3529,3539,3295,3538,3893,3479,3534
,3418,3106,3365,3436,3287,3907,3768,3529,3539,3294,3538,3893,3480,3534
,3418,3106,3365,3436,3287,3907,3768,3529,3539,3294,3538,3893,3480,3534
,3418,3106,3365,3436,3287,3907,3768,3529,3540,3294,3538,3894,3479,3534
,3418,3106,3365,3436,3287,3907,3768,3529,3539,3294,3538,3894,3480,3535
,3418,3106,3365,3436,3287,3907,3768,3529,3540,3294,3538,3893,3480,3534
,3418,3106,3365,3436,3287,3907,3768,3528,3539,3294,3538,3894,3480,3534
,3418,3106,3365,3436,3287,3907,3768,3529,3540,3294,3538,3894,3481,3534
,3418,3106,3365,3435,3287,3907,3768,3529,3539,3294,3538,3894,3480,3535
,3418,3106,3365,3436,3287,3907,3768,3529,3539,3294,3538,3893,3480,3535
,3418,3106,3365,3436,3287,3907,3768,3529,3540,3294,3538,3894,3479,3534
,3418,3106,3365,3436,3286,3907,3768,3529,3540,3294,3538,3894,3480,3534
,3418,3106,3366,3436,3286,3907,3768,3529,3540,3294,3538,3894,3480,3535
,3418,3106,3365,3435,3287,3907,3768,3529,3539,3294,3538,3893,3480,3534
,3418,3106,3365,3435,3286,3907,3768,3529,3540,3294,3538,3894,3480,3534
,3418,3106,3366,3436,3286,3907,3768,3529,3540,3294,3537,3893,3480,3535
,3418,3106,3365,3436,3287,3907,3769,3529,3540,3294,3538,3894,3480,3535
,3418,3106,3366,3436,3286,3907,3768,3529,3539,3295,3538,3893,3480,3535
,3418,3106,3366,3436,3286,3906,3768,3529,3539,3294,3538,3893,3480,3534
,3418,3106,3366,3436,3286,3907,3768,3529,3539,3294,3538,3894,3480,3534
,3418,3106,3366,3436,3285,3907,3768,3529,3539,3294,3538,3894,3480,3534
,3418,3106,3366,3436,3285,3907,3768,3529,3539,3294,3538,3894,3480,3534
,3418,3106,3367,3436,3286,3907,3768,3529,3539,3293,3538,3894,3479,3534
,3417,3107,3367,3436,3285,3906,3768,3530,3539,3293,3538,3894,3480,3535
,3418,3107,3367,3437,3285,3907,3769,3530,3539,3294,3538,3893,3481,3534
,3417,3106,3367,3436,3285,3907,3768,3530,3539,3294,3538,3894,3480,3534
,3418,3106,3367,3437,3285,3907,3768,3530,3539,3294,3537,3894,3479,3534
,3418,3106,3367,3437,3285,3907,3768,3530,3539,3294,3538,3894,3480,3535
,3418,3106,3367,3437,3285,3907,3768,3530,3539,3293,3538,3894,3480,3534
,3418,3106,3367,3436,3285,3907,3768,3530,3539,3294,3538,3894,3479,3534
,3418,3106,3367,3436,3285,3907,3768,3530,3540,3294,3538,3894,3479,3534
,3418,3106,3367,3436,3285,3907,3768,3530,3539,3293,3538,3894,3480,3534
,3418,3106,3367,3436,3285,3907,3768,3530,3540,3294,3538,3893,3479,3534
,3418,3106,3367,3436,3285,3907,3768,3530,3540,3294,3538,3894,3480,3534
,3418,3107,3368,3436,3286,3907,3769,3530,3539,3294,3538,3894,3479,3534
,3417,3106,3367,3436,3285,3907,3768,3530,3540,3294,3538,3894,3480,3534
,3418,3106,3367,3436,3286,3907,3769,3530,3539,3294,3538,3894,3479,3534
,3418,3107,3367,3436,3285,3907,3768,3530,3540,3294,3539,3894,3480,3534
,3417,3106,3367,3436,3286,3907,3768,3530,3539,3294,3538,3894,3480,3534
,3418,3106,3367,3436,3285,3907,3768,3530,3539,3294,3538,3894,3479,3534
,3418,3107,3367,3436,3285,3907,3768,3530,3540,3294,3537,3894,3480,3535
,3417,3106,3367,3436,3286,3907,3769,3530,3539,3294,3538,3894,3480,3534
,3417,3107,3367,3436,3285,3907,3768,3530,3539,3294,3538,3894,3480,3535
,3418,3106,3367,3436,3285,3907,3769,3530,3539,3294,3538,3894,3480,3535
,3418,3106,3367,3436,3285,3907,3768,3530,3539,3294,3538,3894,3479,3535
,3417,3106,3367,3436,3285,3907,3768,3530,3539,3294,3538,3894,3479,3535
,3417,3106,3367,3436,3285,3907,3768,3530,3540,3294,3538,3895,3480,3534
,3418,3107,3367,3436,3285,3907,3768,3531,3539,3294,3537,3894,3479,3534
,3418,3106,3368,3436,3285,3907,3768,3530,3539,3294,3538,3894,3479,3534
,3417,3106,3367,3436,3286,3907,3768,3530,3540,3294,3538,3894,3479,3535
,3417,3106,3367,3436,3286,3907,3768,3530,3539,3294,3538,3894,3479,3534
,3418,3106,3367,3436,3286,3907,3768,3530,3540,3295,3538,3894,3479,3534
,3418,3106,3367,3436,3286,3907,3768,3530,3539,3294,3538,3894,3479,3534
,3418,3106,3367,3436,3285,3907,3768,3530,3539,3294,3538,3894,3479,3534
,3417,3106,3368,3436,3285,3907,3768,3530,3539,3293,3538,3894,3480,3534
,3417,3106,3367,3435,3286,3907,3768,3530,3539,3294,3538,3894,3480,3534
,3417,3107,3367,3436,3286,3907,3768,3530,3539,3294,3538,3894,3479,3534
,3417,3106,3367,3436,3286,3907,3768,3530,3539,3294,3538,3894,3480,3534
,3418,3106,3367,3436,3286,3907,3768,3530,3539,3294,3537,3894,3480,3535
,3417,3106,3367,3436,3285,3907,3768,3530,3540,3294,3538,3894,3479,3535
,3417,3106,3367,3436,3286,3907,3768,3530,3539,3294,3538,3894,3479,3535
,3418,3106,3367,3436,3286,3907,3769,3529,3540,3294,3538,3894,3479,3535
,3417,3107,3366,3436,3286,3907,3768,3529,3540,3294,3538,3894,3479,3534
,3418,3106,3366,3436,3285,3907,3768,3529,3541,3294,3538,3895,3479,3535
,3418,3106,3366,3436,3286,3907,3768,3528,3541,3294,3538,3895,3479,3535
,3418,3106,3367,3436,3286,3907,3768,3528,3542,3294,3538,3895,3479,3535
,3418,3106,3366,3436,3286,3907,3768,3528,3542,3294,3538,3895,3479,3535
,3417,3106,3366,3436,3286,3907,3769,3528,3542,3294,3538,3895,3480,3534
,3418,3107,3366,3437,3285,3907,3769,3528,3543,3295,3539,3894,3479,3535
,3418,3106,3366,3437,3284,3906,3769,3528,3545,3294,3539,3895,3480,3535
,3417,3106,3367,3437,3282,3905,3769,3528,3547,3294,3540,3895,3480,3534
,3417,3106,3367,3438,3281,3905,3769,3528,3548,3294,3540,3896,3480,3534
,3418,3107,3367,3438,3279,3906,3769,3527,3549,3294,3539,3896,3480,3534
,3418,3106,3367,3438,3278,3905,3769,3527,3550,3294,3539,3896,3480,3534
,3418,3107,3367,3438,3276,3905,3769,3527,3550,3294,3539,3896,3480,3534
,3418,3106,3367,3438,3275,3905,3769,3527,3550,3294,3539,3896,3480,3534
,3418,3106,3367,3438,3274,3905,3769,3527,3551,3294,3539,3897,3479,3534
,3418,3106,3367,3438,3275,3905,3769,3527,3551,3295,3539,3897,3480,3534
,3418,3106,3368,3438,3274,3906,3769,3527,3551,3294,3539,3897,3480,3535
,3418,3106,3368,3438,3275,3906,3769,3527,3552,3294,3539,3897,3480,3534
,3418,3106,3367,3439,3274,3906,3769,3527,3552,3294,3539,3898,3480,3534
,3417,3106,3368,3439,3274,3907,3769,3527,3552,3294,3539,3897,3480,3534
,3418,3106,3368,3439,3274,3907,3769,3526,3552,3295,3539,3897,3480,3534
,3418,3106,3368,3439,3274,3907,3769,3526,3553,3294,3539,3898,3480,3534
,3417,3106,3367,3439,3275,3907,3769,3525,3552,3294,3540,3897,3480,3535
,3418,3105,3367,3439,3275,3908,3769,3525,3553,3295,3539,3897,3480,3535
,3418,3106,3367,3439,3274,3908,3769,3525,3553,3295,3539,3897,3480,3535
,3418,3106,3367,3439,3274,3908,3769,3524,3553,3295,3540,3897,3480,3535
,3418,3106,3367,3439,3274,3908,3769,3525,3553,3294,3540,3897,3480,3534
,3417,3105,3367,3440,3274,3909,3769,3525,3553,3295,3540,3897,3480,3534
,3418,3106,3367,3440,3275,3909,3769,3525,3554,3295,3539,3898,3480,3534
,3417,3106,3367,3440,3275,3910,3769,3524,3554,3295,3539,3897,3480,3535
,3418,3106,3368,3440,3275,3910,3770,3524,3554,3294,3540,3897,3481,3534
,3417,3106,3367,3441,3275,3911,3769,3523,3555,3295,3539,3897,3480,3535
,3418,3106,3368,3441,3275,3911,3770,3523,3555,3295,3539,3897,3480,3535
,3417,3106,3367,3441,3275,3911,3770,3523,3555,3295,3540,3897,3480,3535
,3417,3106,3367,3441,3275,3911,3770,3522,3556,3296,3539,3897,3480,3535
,3418,3106,3367,3441,3276,3912,3770,3522,3556,3295,3539,3897,3479,3534
,3418,3106,3367,3441,3276,3912,3770,3522,3557,3296,3540,3897,3480,3534
,3418,3106,3367,3442,3276,3912,3770,3521,3557,3295,3540,3897,3480,3534
,3417,3106,3367,3442,3275,3911,3770,3521,3558,3295,3540,3897,3480,3534
,3417,3105,3367,3442,3276,3912,3770,3521,3557,3295,3540,3897,3480,3534
,3418,3106,3368,3442,3275,3913,3770,3521,3558,3296,3540,3896,3479,3534
,3417,3106,3367,3442,3276,3912,3770,3520,3558,3296,3540,3896,3479,3534
,3418,3106,3367,3442,3275,3912,3770,3520,3558,3295,3540,3896,3480,3534
,3418,3106,3367,3441,3275,3912,3770,3520,3558,3295,3540,3896,3480,3534
,3418,3106,3367,3441,3275,3912,3770,3519,3558,3296,3540,3896,3479,3534
,3418,3107,3367,3441,3276,3913,3770,3520,3557,3295,3540,3896,3480,3534
,3418,3106,3367,3441,3275,3913,3770,3520,3558,3296,3540,3896,3480,3534
,3417,3106,3367,3441,3275,3912,3770,3519,3558,3295,3540,3896,3480,3533
,3418,3106,3367,3441,3275,3913,3770,3519,3558,3295,3540,3896,3480,3534
,3418,3106,3367,3441,3276,3913,3771,3519,3559,3296,3540,3896,3480,3535
,3418,3106,3367,3441,3275,3913,3770,3519,3559,3295,3540,3896,3479,3534
,3418,3106,3367,3442,3276,3913,3770,3519,3559,3296,3540,3897,3480,3534
,3417,3106,3368,3441,3275,3913,3770,3519,3559,3296,3540,3897,3479,3534